love,180
like,179
new,162
follow,130
one,123
people,106
now,102
need,99
good,96
know,95
day,93
want,90
go,88
via,85
today,81
please,78
see,76
time,73
much,72
video,70
life,67
us,66
happy,65
make,64
tonight,59
going,57
shit,56
best,55
free,53
thank,53
right,52
lol,50
never,50
thanks,48
ever,46
first,46
still,46
think,46
great,45
baby,44
always,43
hope,43
someone,43
wait,43
last,42
night,42
real,42
say,42
way,42
may,41
birthday,40
full,40
work,40
fuck,39
give,39
im,39
show,39
take,39
world,39
feel,38
come,37
everyone,37
hate,37
http,37
something,37
hi,36
look,36
party,36
read,36
getting,35
photo,35
s,35
bad,34
god,34
oh,34
weekend,34
even,33
wanna,33
made,32
retweet,32
thing,32
check,31
followers,31
game,31
heart,31
tomorrow,31
watch,31
well,31
beautiful,30
every,30
man,30
person,30
win,30
amazing,29
everything,29
home,29
school,29
stop,29
call,28
girl,28
help,28
mean,28
nice,28
play,28
talk,28
years,28
house,27
let,27
live,27
next,27
things,27
tweet,27
better,26
dead,26
two,26
else,25
kids,25
many,25
mind,25
music,25
old,25
top,25
w,25
yes,25
ass,24
guys,24
mom,24
cute,23
friends,23
fucking,23
girls,23
hey,23
hot,23
try,23
anyone,22
fun,22
gonna,22
keep,22
posted,22
said,22
season,22
tell,22
x,22
big,21
brown,21
chris,21
dont,21
finally,21
little,21
stage,21
t,21
trying,21
week,21
year,21
around,20
done,20
feeling,20
long,20
lot,20
makes,20
n,20
since,20
sorry,20
stats,20
support,20
without,20
ya,20
yeah,20
b,19
boys,19
cool,19
literally,19
phone,19
start,19
worth,19
also,18
black,18
falls,18
find,18
forget,18
high,18
looking,18
looks,18
nothing,18
omg,18
perfect,18
sleep,18
song,18
sure,18
tv,18
white,18
yall,18
5sos,17
able,17
ain't,17
already,17
chance,17
dm,17
ebay,17
end,17
face,17
followed,17
following,17
leave,17
making,17
news,17
put,17
ready,17
reason,17
seen,17
state,17
thought,17
vote,17
wants,17
bae,16
care,16
e,16
friday,16
friend,16
job,16
m,16
must,16
nigga,16
niggas,16
r,16
remember,16
songs,16
soon,16
summer,16
took,16
account,15
actually,15
bitch,15
calum,15
channel,15
dramatic,15
future,15
haha,15
hard,15
important,15
left,15
link,15
lmao,15
miss,15
morning,15
playing,15
post,15
says,15
sex,15
size,15
spin,15
text,15
twitter,15
vs,15
yet,15
#,14
#crawfordsnewvideo,14
another,14
body,14
days,14
family,14
fast,14
fav,14
forever,14
gets,14
hear,14
hit,14
htt,14
kind,14
loves,14
memorial,14
o,14
open,14
proud,14
rock,14
saw,14
son,14
subscribe,14
together,14
true,14
tweets,14
use,14
waiting,14
#job,13
ask,13
believe,13
comes,13
coming,13
fans,13
gotta,13
might,13
money,13
photos,13
point,13
shop,13
stay,13
unfollowers,13
watching,13
whole,13
women,13
word,13
working,13
yo,13
young,13
away,12
bill,12
bitches,12
bored,12
called,12
crazy,12
eat,12
favorite,12
final,12
funny,12
guy,12
hair,12
light,12
mad,12
minutes,12
moment,12
place,12
pls,12
probably,12
reality,12
secret,12
set,12
side,12
special,12
talking,12
team,12
times,12
uk,12
wrong,12
y'all,12
#gameinsight,11
#hiring,11
#jobs,11
af,11
beauty,11
car,11
college,11
concert,11
crying,11
d,11
damn,11
drink,11
eyes,11
fake,11
far,11
fire,11
food,11
found,11
gain,11
half,11
harry,11
hoe,11
idea,11
join,11
liked,11
lost,11
manager,11
mood,11
name,11
picture,11
pizza,11
plans,11
red,11
series,11
story,11
thi,11
tired,11
used,11
album,10
alone,10
anything,10
awesome,10
bc,10
become,10
boy,10
breaking,10
buy,10
c,10
dad,10
dark,10
dream,10
drop,10
enter,10
everybody,10
excited,10
fall,10
fan,10
front,10
g,10
games,10
h,10
head,10
hood,10
knew,10
luke,10
meet,10
men,10
minister,10
missed,10
notified,10
ok,10
respect,10
save,10
shirt,10
stories,10
super,10
tommorow,10
touch,10
tour,10
traffic,10
trip,10
turn,10
v,10
wanted,10
water,10
went,10
#heartsonfiremixtape,9
#teamfollowback,9
app,9
beat,9
bro,9
brother,9
catch,9
chill,9
class,9
control,9
crowd,9
cry,9
different,9
event,9
fact,9
figure,9
follows,9
ft,9
giving,9
goals,9
goes,9
gold,9
happen,9
health,9
hurt,9
instagram,9
john,9
late,9
listen,9
lovely,9
online,9
pain,9
park,9
part,9
president,9
project,9
re,9
river,9
rn,9
road,9
running,9
saturday,9
send,9
seriously,9
shot,9
shows,9
simple,9
single,9
snapchat,9
sounds,9
sports,9
starts,9
taking,9
thinking,9
tickets,9
understand,9
walk,9
wish,9
woman,9
words,9
wow,9
youtube,9
#mgwv,8
#news,8
#selenaformmva,8
's,8
ago,8
american,8
attention,8
blue,8
broke,8
business,8
came,8
case,8
change,8
couple,8
cover,8
david,8
deal,8
deals,8
definitely,8
deserve,8
dey,8
don,8
drinking,8
em,8
england,8
enough,8
facebook,8
favourite,8
fight,8
finished,8
follower,8
hour,8
human,8
island,8
kinda,8
lakers,8
least,8
leaving,8
lets,8
louis,8
marketing,8
marriage,8
minecraft,8
move,8
official,8
order,8
p,8
page,8
pick,8
police,8
power,8
pull,8
room,8
sale,8
second,8
sick,8
slim,8
small,8
smile,8
speak,8
squad,8
stream,8
surprise,8
sweet,8
taken,8
test,8
track,8
truth,8
watched,8
#ff,7
#followtrick,7
4th,7
added,7
adorable,7
age,7
alive,7
artist,7
attend,7
attitude,7
band,7
beach,7
biggest,7
bout,7
box,7
bruh,7
calling,7
canada,7
cant,7
cause,7
cha,7
checked,7
city,7
close,7
cold,7
congrats,7
country,7
course,7
cut,7
dance,7
date,7
deep,7
dick,7
die,7
dog,7
dude,7
f,7
fat,7
fear,7
feelings,7
fine,7
friendly,7
giveaway,7
gone,7
green,7
happens,7
hello,7
holy,7
hours,7
husband,7
invite,7
july,7
june,7
killing,7
ladies,7
level,7
lil,7
lion,7
list,7
ll,7
lord,7
mine,7
movies,7
needs,7
office,7
okay,7
parties,7
past,7
planning,7
pretty,7
prom,7
ride,7
serious,7
soul,7
started,7
step,7
sun,7
swear,7
thats,7
tho,7
till,7
title,7
town,7
treat,7
trust,7
tune,7
unfollower,7
unless,7
version,7
view,7
vine,7
ways,7
welcome,7
west,7
wife,7
wit,7
won,7
worst,7
yesterday,7
#hairloss,6
#nowplaying,6
#retweet,6
#teamretweet,6
#weightloss,6
add,6
almost,6
anti-flu,6
anymore,6
approved,6
art,6
atlanta,6
automatically,6
awake,6
bless,6
blood,6
blunt,6
book,6
born,6
boyfriend,6
brand,6
bring,6
build,6
california,6
cancer,6
children,6
company,6
completely,6
congratulations,6
counting,6
create,6
creeper,6
culture,6
daughter,6
de,6
dear,6
death,6
details,6
dj,6
dogs,6
donation,6
door,6
double,6
dying,6
ed,6
ends,6
enjoy,6
ep,6
exclusive,6
explain,6
fair,6
feels,6
felt,6
france,6
fresh,6
gay,6
gift,6
greatest,6
guess,6
guide,6
guilty,6
gun,6
hands,6
hang,6
happened,6
happiest,6
hold,6
hollywood,6
ht,6
hurts,6
ice,6
idk,6
ilysm,6
info,6
inside,6
iyanya,6
jack,6
jealous,6
johnson,6
k,6
key,6
kid,6
kobe's,6
l,6
laugh,6
learn,6
less,6
liam,6
lmfao,6
local,6
losing,6
luck,6
massive,6
maybe,6
means,6
media,6
medications,6
meds,6
message,6
missing,6
moon,6
mr,6
ny,6
offer,6
officially,6
parents,6
penis,6
pepper,6
personal,6
plus,6
pop,6
possibly,6
praying,6
present,6
question,6
quite,6
rain,6
realize,6
released,6
rip,6
san,6
scene,6
seconds,6
sexual,6
sign,6
site,6
smell,6
sometimes,6
spot,6
star,6
style,6
suffer,6
though,6
three,6
throw,6
train,6
turning,6
update,6
vegas,6
visit,6
voted,6
walking,6
weather,6
weight,6
winner,6
women's,6
wonder,6
wonderful,6
#anotherfollowtrain,5
#blackmamba,5
#ipad,5
#ipadgames,5
#risingstar,5
#tech,5
#win,5
1st,5
2nd,5
acc,5
act,5
america,5
animal,5
aw,5
awards,5
bank,5
bar,5
bark,5
bed,5
belly,5
bet,5
boo,5
boobs,5
bunch,5
cable,5
carry,5
celebrate,5
champs,5
chicken,5
choose,5
cigs,5
click,5
clothes,5
clothing,5
code,5
coins,5
comment,5
complete,5
daddy,5
daily,5
direction,5
discuss,5
doctor,5
drank,5
ears,5
either,5
electric,5
eminem,5
entire,5
entry,5
episode,5
everyday,5
faith,5
falling,5
father,5
fave,5
feature,5
feet,5
filled,5
freaking,5
fucked,5
fuckin,5
gimme,5
girlfriend,5
grade,5
graduation,5
group,5
gta,5
hand,5
hell,5
hits,5
honest,5
honestly,5
imma,5
incredible,5
interesting,5
irish,5
issue,5
justin,5
kidding,5
kill,5
killed,5
killer,5
kiss,5
knows,5
la,5
la's,5
latest,5
lay,5
leg,5
legal,5
legs,5
line,5
lives,5
looked,5
los,5
lose,5
lying,5
magical,5
matter,5
met,5
mix,5
mobile,5
mystery,5
nap,5
niall,5
nobody,5
number,5
nye,5
pay,5
per,5
pic,5
pics,5
pitch,5
places,5
played,5
playlist,5
possible,5
ppl,5
practice,5
pray,5
price,5
profile,5
program,5
push,5
questions,5
quick,5
quote,5
rapper,5
reasons,5
request,5
rest,5
review,5
ring,5
rolling,5
sad,5
safe,5
sales,5
saying,5
senior,5
shadow,5
share,5
short,5
shut,5
singing,5
sit,5
smh,5
social,5
society,5
somebody,5
spread,5
spring,5
stars,5
straight,5
strong,5
suck,5
sunshine,5
table,5
takes,5
texting,5
thick,5
thoughts,5
til,5
today's,5
told,5
totally,5
tourism,5
trade,5
tree,5
tries,5
truck,5
tryna,5
turned,5
twin,5
type,5
underwater,5
united,5
vehicle,5
voice,5
wear,5
wedding,5
works,5
worry,5
york,5
#android,4
#deals,4
#follow,4
#ichoosenicki,4
#iran,4
#joshduggar,4
#quote,4
#rt,4
#taylorformmva,4
3rd,4
abuse,4
accent,4
across,4
acts,4
advice,4
air,4
allah,4
anchor,4
andersonville,4
angel,4
angry,4
anytime,4
apart,4
apple,4
appreciated,4
arm,4
attended,4
available,4
award,4
babe,4
backyard,4
ball,4
baseball,4
basically,4
bathroom,4
bay,4
behind,4
ben,4
beyond,4
billboard,4
bite,4
bjp,4
block,4
blog,4
booty,4
bottle,4
brain,4
break,4
breakfast,4
bridge,4
bus,4
button,4
bye,4
calls,4
cameron,4
camp,4
canadian,4
cast,4
celebrating,4
center,4
champ,4
championship,4
child,4
cleared,4
closed,4
club,4
coach,4
coast,4
coke,4
community,4
computer,4
contest,4
da,4
debut,4
delicious,4
desperate,4
distance,4
district,4
dope,4
download,4
drake,4
driving,4
dropping,4
drops,4
drunk,4
duggar,4
early,4
easier,4
edition,4
epic,4
europe,4
exercise,4
expected,4
eye,4
famous,4
feat,4
field,4
fifth,4
fish,4
fix,4
focus,4
force,4
freedom,4
friendes,4
galleria,4
gave,4
glad,4
glass,4
goat,4
gon,4
gosh,4
grad,4
grades,4
gray,4
grow,4
growing,4
grown,4
guest,4
hahaha,4
hdmi,4
headed,4
heads,4
hemmings,4
hero,4
hills,4
holiday,4
honors,4
hop,4
hoping,4
hungry,4
icymi,4
id,4
ig,4
ily,4
images,4
inauguration,4
indirect,4
internet,4
ios,4
iphone,4
italy,4
ive,4
jamaica,4
jersey,4
jewelry,4
jordan,4
journey,4
kindly,4
king,4
kitchen,4
known,4
later,4
laughing,4
lead,4
leader,4
living,4
loss,4
louisiana,4
low,4
lowkey,4
lucky,4
luv,4
magic,4
makeup,4
manchester,4
mass,4
mate,4
method,4
michael,4
mistake,4
model,4
momma,4
monday,4
moving,4
nah,4
nail,4
names,4
naps,4
national,4
natural,4
needed,4
newcastle,4
nicki,4
non,4
notifs,4
nyc,4
oil,4
ones,4
opinion,4
outfit,4
outta,4
partner,4
patrick,4
peace,4
perfection,4
peter,4
pictures,4
piece,4
plan,4
plot,4
poor,4
popular,4
porn,4
potter,4
presidential,4
private,4
problem,4
promo,4
pussy,4
race,4
random,4
rea,4
realized,4
record,4
reply,4
reports,4
riding,4
rts,4
run,4
sam,4
schoolers,4
screen,4
sea,4
seems,4
selfie,4
selfies,4
seniors,4
service,4
sexy,4
shedding,4
shooting,4
shots,4
silver,4
silvester,4
sister,4
sitting,4
softball,4
solo,4
soooo,4
sound,4
south,4
spend,4
spending,4
spirit,4
st,4
stadium,4
stand,4
staying,4
steps,4
stfu,4
students,4
stuff,4
sunday,4
talks,4
tasting,4
taylor,4
tbh,4
tea,4
teacher,4
tee,4
teen,4
th,4
theme,4
threat,4
tips,4
toffee,4
towards,4
travel,4
twist,4
ugly,4
unc,4
using,4
usually,4
videos,4
vlogging,4
washington,4
weeks,4
whatever,4
wild,4
witcher,4
woohoo,4
write,4
wtf,4
y,4
zoo,4
#1dformmva,3
#5soseuproject,3
#amazon,3
#aries,3
#breaking,3
#choicetvcouple,3
#date,3
#dating,3
#delamanosiempre,3
#followback,3
#giveaway,3
#hannibalhappyhour,3
#hiphop,3
#hometovote,3
#justinformmva,3
#marref,3
#memorialday,3
#mizumono,3
#murda,3
#newmusic,3
#nyc,3
#photography,3
#porn,3
#sex,3
#speechless,3
#syria,3
#virgos,3
'the,3
5h,3
8th,3
accept,3
ace,3
achieve,3
active,3
adapter,3
adding,3
admire,3
advanced,3
advantage,3
afraid,3
agree,3
ah,3
allegations,3
along,3
ambassador,3
amec,3
americans,3
android,3
angeles,3
annoyed,3
annoying,3
anyway,3
anyways,3
appointment,3
area,3
argument,3
ariana,3
army,3
article,3
asf,3
asshole,3
assistant,3
austin,3
australia,3
auto,3
avi,3
awareness,3
balance,3
bastard,3
bath,3
baton,3
bb,3
beats,3
became,3
becoming,3
begging,3
beginning,3
benefit,3
bff,3
bigger,3
bike,3
bit,3
bitter,3
blessed,3
blessing,3
blonde,3
bloody,3
board,3
boating,3
boston,3
bounce,3
breaks,3
brick,3
bright,3
brilliant,3
brings,3
british,3
broken,3
bucks,3
butter,3
camera,3
campuses,3
capable,3
caught,3
chain,3
changes,3
cheating,3
checking,3
cheese,3
chef,3
chicago,3
chick,3
chillin,3
christian,3
civil,3
cleaning,3
clearly,3
clip,3
cod,3
collection,3
color,3
com,3
comfortable,3
complicated,3
confused,3
connect,3
consent,3
contact,3
continue,3
cooking,3
counts,3
craziest,3
creative,3
crop,3
cunt,3
currently,3
cutest,3
cuz,3
damon,3
dat,3
data,3
dc,3
decided,3
designer,3
diego,3
diet,3
difference,3
differently,3
digital,3
direct,3
dish,3
dmspree,3
doe,3
dr,3
dreams,3
dress,3
dropped,3
drugs,3
due,3
dumb,3
ear,3
earned,3
earth,3
easily,3
east,3
easy,3
eating,3
education,3
election,3
email,3
emily,3
endless,3
engaged,3
entered,3
eric,3
especially,3
et,3
european,3
eurovision,3
evening,3
everybody's,3
ex,3
exact,3
exactly,3
executive,3
expecting,3
expression,3
false,3
fam,3
fc,3
fence,3
fifa,3
fighting,3
film,3
finding,3
fit,3
five,3
florida,3
focused,3
folks,3
form,3
forward,3
four,3
frank,3
fuel,3
gained,3
galaxy,3
gallery,3
general,3
genius,3
gentleman,3
gerrard,3
given,3
goal,3
golf,3
goodbye,3
government,3
grab,3
graders,3
graduate,3
grand,3
grandma,3
greatly,3
groovy,3
gross,3
ground,3
gym,3
ha,3
hahah,3
halfway,3
ham,3
handed,3
handle,3
handmade,3
handsome,3
hanging,3
hangout,3
happies,3
harder,3
hawks,3
hayward,3
hearing,3
heat,3
heavy,3
heels,3
hella,3
helping,3
helpless,3
highest,3
highly,3
hip,3
history,3
hitting,3
honey,3
hoodie,3
horror,3
hospital,3
hottest,3
houston,3
htc,3
huge,3
hurting,3
hybrid,3
hype,3
ideas,3
ill,3
illegal,3
imagine,3
impossible,3
insane,3
inspiring,3
instinct,3
instrumental,3
interview,3
ireland,3
j,3
jackson,3
jk,3
joel,3
joke,3
jonathan,3
josh,3
judging,3
jump,3
jumper,3
kelly,3
kendall,3
kick,3
kim,3
knock,3
lacrosse,3
lake,3
lampard,3
lane,3
league,3
leaves,3
letterman,3
letting,3
lgbt,3
lie,3
lied,3
lies,3
limited,3
lip,3
lisa,3
loved,3
loving,3
lunch,3
lyrics,3
main,3
major,3
marry,3
match,3
math,3
meal,3
meant,3
memories,3
memory,3
mexico,3
microsoft,3
mike,3
miley,3
military,3
million,3
mixtape,3
molesting,3
months,3
mother,3
movie,3
mp,3
murder,3
named,3
nash,3
near,3
nearly,3
necessary,3
neck,3
neighbor,3
nightmares,3
nights,3
nike,3
nominate,3
note,3
obama,3
odds,3
ofc,3
others,3
owe,3
pack,3
pages,3
parade,3
paris,3
parody,3
peek,3
performing,3
petty,3
philadelphia,3
pink,3
pleasure,3
pm,3
pocket,3
points,3
politics,3
poltergeist,3
pool,3
population,3
pretend,3
preview,3
prize,3
production,3
products,3
pt,3
public,3
purchase,3
purpose,3
q,3
queen,3
rage,3
rare,3
rather,3
reach,3
reaction,3
reading,3
realise,3
recipes,3
recorded,3
ref,3
refuse,3
regret,3
reminder,3
remix,3
report,3
representation,3
response,3
restaurant,3
results,3
return,3
retweets,3
reveals,3
rookie,3
roosevelt,3
rouge,3
round,3
row,3
roy,3
rp,3
ruin,3
rules,3
runner,3
russian,3
sat,3
sauce,3
saved,3
sb,3
scandals,3
scared,3
schools,3
score,3
search,3
secure,3
seem,3
selena,3
self,3
selling,3
senate,3
sense,3
sensitive,3
sent,3
served,3
services,3
shame,3
shared,3
sharing,3
sheets,3
shoot,3
shopping,3
shoutout,3
shower,3
showing,3
signed,3
silence,3
skin,3
sleeps,3
slide,3
smoking,3
sneak,3
soundcloud,3
speaking,3
spent,3
ss,3
states,3
station,3
steal,3
stepdad,3
steve,3
steven,3
stole,3
stones,3
store,3
stores,3
street,3
strength,3
stress,3
student,3
study,3
success,3
suffering,3
sunglasses,3
supposed,3
surf,3
survive,3
swift,3
syndrome,3
tag,3
talented,3
tampa,3
tar,3
tax,3
teachers,3
teaser,3
teenager,3
telling,3
ten,3
term,3
terrible,3
thankyou,3
theodore,3
theyre,3
thigh,3
thin,3
thru,3
tht,3
tiger,3
tops,3
tracks,3
trail,3
tried,3
trips,3
trouble,3
tub,3
tuition,3
tweeted,3
tyrone,3
uber,3
ufc,3
usb,3
vagina,3
valedictorian,3
valley,3
van,3
victory,3
vid,3
vintage,3
volunteer,3
voting,3
wake,3
wall,3
weak,3
wee,3
whats,3
whenever,3
wifi,3
wings,3
winners,3
wins,3
wont,3
wood,3
wooo,3
writing,3
wrote,3
wu,3
xxx,3
youuu,3
#ahbl6,2
#alwayskeepfighting,2
#androidgames,2
#arizona,2
#asmsg,2
#ass,2
#assad's,2
#bamon,2
#bbw,2
#bioware20,2
#boommay26th,2
#booty,2
#chubby,2
#competition,2
#dbacks,2
#f4f,2
#fashion,2
#fat,2
#fitness,2
#fiverr,2
#foll,2
#followers,2
#free,2
#freebiefriday,2
#friday,2
#fuelscarcity,2
#gadgets,2
#inequality,2
#infliction,2
#ita,2
#itjob,2
#javascript,2
#kisu,2
#lacuerpa,2
#laliga,2
#legend,2
#libra,2
#london,2
#malibu,2
#manualsurf,2
#memorialdayweekend,2
#michellelewin,2
#mma,2
#nascar,2
#nomakeup,2
#notsogreatmysteries,2
#nsfw,2
#paradiseisland2,2
#pawsup,2
#person,2
#philippines,2
#pussy,2
#quotes,2
#realestate,2
#safeboatweek,2
#science,2
#sexo,2
#shawnformmva,2
#sissy,2
#ssbbw,2
#teenchoice,2
#tfb,2
#tgirl,2
#theoriginalhigh,2
#thewalkingdead,2
#thick,2
#traffic,2
#trafficexchanges,2
#uk,2
#vggssehdiwow,2
#vo,2
#wearit,2
#yeg,2
'heavy,2
'nice,2
-new,2
18th,2
1b,2
2b,2
3b,2
6th,2
70s,2
80s,2
8pm,2
abi,2
ac,2
acceptable,2
accident,2
accidentally,2
according,2
accounts,2
achieved,2
achievement,2
acne,2
acting,2
action,2
actual,2
addiction,2
admit,2
adsbygoogle,2
advances,2
ahead,2
aid,2
aim,2
aint,2
al,2
alarm,2
alert,2
alex,2
alexander,2
allowed,2
amazon,2
ambulance,2
amiibo,2
among,2
anchors,2
andrea,2
andrews,2
andy,2
animals,2
ankle,2
announce,2
anyone's,2
anywhere,2
ap,2
apartment,2
appeal,2
appear,2
apples,2
appreciate,2
approach,2
apps,2
aren,2
arms,2
arsenal,2
arthur,2
artists,2
ashton,2
asked,2
assistance,2
assume,2
att,2
attack,2
attracted,2
auburn,2
aug,2
av,2
avoid,2
awkward,2
backstage,2
badge,2
badly,2
baes,2
bags,2
baltimore,2
ban,2
bangerz,2
banned,2
barber,2
barbie,2
barz,2
base,2
based,2
basketball,2
bat,2
battle,2
bbq,2
bday,2
beads,2
beams,2
beating,2
beckham,2
bee,2
beer,2
beg,2
beings,2
beliebers,2
benefits,2
beyonce,2
bieber,2
biker,2
bio,2
biomedical,2
blame,2
bllank,2
boat,2
bob,2
bones,2
bonnie,2
books,2
boom,2
booth,2
botamom,2
bowl,2
brandon,2
brazil,2
bret,2
bricks,2
britain,2
broadcasting,2
brook,2
brooklyn,2
brothers,2
brought,2
bs,2
bts,2
bubble,2
budget,2
bullshit,2
bunny,2
burn,2
burns,2
buying,2
ca,2
camel,2
campaign,2
campbell,2
cancelled,2
candidate,2
cannes,2
captured,2
cara,2
card,2
cards,2
carolina,2
cars,2
cartoon,2
cartridge,2
cat,2
cc,2
cech,2
celebration,2
central,2
chale,2
chaley,2
challenge,2
challenges,2
chances,2
changed,2
character,2
charity,2
charlotte,2
chart,2
cheap,2
chelsea,2
chemical,2
chest,2
chicks,2
chief,2
childrin,2
choice,2
chosen,2
chpsre,2
christians,2
ciara,2
circle,2
cl,2
claims,2
classes,2
classic,2
cleaned,2
clear,2
clicks,2
clifford,2
clinical,2
clinton,2
clipe,2
closer,2
clutches,2
co,2
coffee,2
collected,2
collector's,2
columbia,2
comfort,2
comic,2
commercial,2
communities,2
compete,2
competition,2
compilation,2
completed,2
concerned,2
confidence,2
confirm,2
confirmed,2
confuse,2
congestion,2
congratulate,2
consensus,2
considering,2
constant,2
cook,2
cookie,2
cookin,2
cooper,2
cop1,2
cop2,2
copy,2
corner,2
corrupting,2
corruption,2
cosmetic,2
costello,2
costume,2
countries,2
county,2
coupon,2
coupons,2
courage,2
cousin,2
covered,2
covering,2
cr,2
crawford,2
cream,2
created,2
creator,2
creature,2
credit,2
crew,2
cried,2
criminally,2
cross,2
crown,2
crushing,2
cum,2
cupcake,2
cure,2
curry,2
cutie,2
cuttlefish,2
cyrus,2
dancing,2
dapper,2
darkest,2
darkskins,2
davis,2
debate,2
debt,2
decent,2
decisions,2
declared,2
dedicated,2
deez,2
def,2
defence,2
defending,2
defense,2
define,2
degrees,2
dem,2
department,2
depends,2
depression,2
depth,2
describe,2
description,2
deserved,2
desire,2
despite,2
destroy,2
destroyed,2
detailed,2
determines,2
devil,2
diamond,2
dictate,2
didnt,2
dinner,2
dior,2
directly,2
director,2
disabled,2
disco,2
discover,2
disney,2
doin,2
dollar,2
donate,2
doubles,2
drag,2
dragon,2
draw,2
drive,2
driver,2
dt,2
duggars,2
dunno,2
duty,2
dwanye,2
earlier,2
earthquake,2
eb,2
edge,2
eels,2
effect,2
egg,2
eight,2
elena,2
elizabeth,2
ellie,2
elvis,2
emails,2
emergency,2
emma,2
emoji,2
empower,2
empty,2
enemies,2
eons,2
episodes,2
equality,2
escorts,2
est,2
etc,2
evans,2
evolve,2
example,2
exams,2
excellent,2
exchanges,2
excite,2
exciting,2
excuse,2
exist,2
exit,2
experience,2
expert,2
experts,2
express,2
exquisite,2
extra,2
fabulous,2
facts,2
failing,2
fails,2
fallen,2
families,2
family's,2
fancy,2
farmers,2
favor,2
favorites,2
favs,2
fbi,2
feed,2
fees,2
female,2
females,2
festival,2
fierce,2
fiesta,2
finale,2
finales,2
fingers,2
finish,2
fits,2
fixed,2
fl,2
flirt,2
floor,2
flow,2
flower,2
fly,2
flying,2
fm,2
follback,2
footage,2
forehead,2
forgot,2
former,2
foster,2
foundation,2
fox,2
fr,2
frame,2
freaky,2
fri,2
fridge,2
fukd,2
fully,2
fye,2
gamer,2
gaming,2
gangs,2
garage,2
gee,2
generation,2
genuine,2
giant,2
gif,2
gif's,2
girl's,2
glo,2
global,2
gm,2
gmt,2
god's,2
goddaughter,2
goddess,2
goodmorning,2
goodnight,2
govt,2
grabbed,2
graduated,2
graduates,2
graduating,2
grew,2
grocery,2
growth,2
grumpy,2
gut,2
habits,2
haircut,2
hall,2
hamper,2
hannah,2
happening,2
happier,2
happiness,2
hardware,2
harmony,2
hashtag,2
hat,2
hater,2
hates,2
haynes,2
hd,2
hearts,2
heath,2
held,2
helped,2
hes,2
hide,2
higher,2
highkey,2
highway,2
hilarious,2
hill,2
hillary,2
hmm,2
hodgson,2
holding,2
homage,2
homes,2
homicide,2
homie,2
honeymoon,2
honor,2
hopefully,2
horny,2
horrible,2
horse,2
host,2
howard,2
hs,2
https,2
huckabee,2
humanity,2
hunt,2
hurray,2
hurry,2
icon,2
idc,2
idol,2
ignore,2
illustrated,2
ima,2
inch,2
incident,2
india,2
individual,2
information,2
inner,2
ino,2
insert,2
insider,2
inspirational,2
institute,2
international,2
intro,2
invited,2
ip,2
ipod,2
iq,2
iraq,2
iron,2
irwin,2
islands,2
isnt,2
issues,2
it'd,2
it'll,2
itunes,2
jackets,2
jacob,2
jagger,2
jam,2
james,2
japanese,2
jared,2
jay,2
jeff,2
jenna,2
jesus,2
joey,2
joining,2
jokes,2
joking,2
jon,2
jonas,2
jr,2
judge,2
judgement,2
juice,2
jus,2
kanye,2
kardashian,2
kathleen,2
kay,2
keeper,2
keeps,2
kelley,2
kept,2
kevin,2
kicking,2
kickstarter,2
kid-friendly,2
kindness,2
kings,2
kissed,2
kisses,2
kit,2
klik,2
knife,2
knowing,2
knowledge,2
kobe,2
kroger,2
ku,2
kyle,2
kylie,2
label,2
lady,2
lamp,2
laughter,2
launch,2
lawyer,2
laying,2
layout,2
lazy,2
le,2
leaders,2
leadership,2
leaked,2
leaky,2
legendary,2
lemme,2
les,2
liberal,2
lief,2
lifetime,2
likely,2
liking,2
lines,2
liquor,2
listening,2
literal,2
lived,2
lmfaooo,2
lo,2
loca,2
logic,2
logo,2
loml,2
london,2
longer,2
lookin,2
lots,2
loud,2
low-cost,2
low-income,2
lower,2
loyal,2
lyfe,2
ma,2
mac,2
madison,2
madonna,2
madrid,2
mai,2
mail,2
maine,2
malas,2
male,2
mana,2
management,2
manor,2
manual,2
march,2
maria,2
mark,2
market,2
marley,2
marques,2
marsh,2
massage,2
matters,2
mayor,2
mbf,2
mcdonalds,2
meaning,2
medievilmusic,2
members,2
memes,2
mental,2
mentions,2
menu,2
meses,2
mesh,2
messages,2
mfs,2
mi,2
mick,2
midnight,2
mighty,2
milk,2
milly,2
min,2
minaj,2
minds,2
minor,2
minors,2
minute,2
miracles,2
mirror,2
mission,2
mistress,2
mitch,2
mixing,2
mlg,2
mm,2
mmm,2
mods,2
moms,2
moody,2
moran,2
mosques,2
mostly,2
motivation,2
mountbatten,2
mrs,2
multi-player,2
mum,2
musical,2
mustang,2
mvp,2
mythical,2
na,2
nadeshot,2
naked,2
nanigans,2
naomi,2
nature,2
naughty,2
nba,2
needa,2
negligent,2
nerd,2
netflix,2
network,2
newborn,2
nick,2
nigger,2
nite,2
none,2
nooo,2
nope,2
normally,2
north,2
norton,2
nosey,2
notice,2
noticed,2
nowhere,2
nude,2
nuke,2
nun,2
nut,2
nuts,2
nypd,2
obsession,2
oc,2
october,2
october's,2
offered,2
offers,2
office-gej,2
officers,2
often,2
ohmygod,2
older,2
olsen,2
onesie,2
ooo,2
oooh,2
operation,2
opposition,2
option,2
original,2
otra,2
outdoor,2
outside,2
ovation,2
overhaul,2
pa190,2
paedophile,2
paid,2
pair,2
pairs,2
paisley,2
pakistan,2
palm,2
paper,2
para,2
paradise,2
parramatta,2
pass,2
passed,2
passing,2
patrol,2
paul,2
paying,2
pc,2
pearl,2
pellegrini,2
penalty,2
pendant,2
people's,2
percent,2
perhaps,2
period,2
personality,2
pet,2
petr,2
photoset,2
phupho,2
picking,2
picnic,2
pie,2
pilot,2
pirates,2
piss,2
pissed,2
pitcher,2
planet,2
platform,2
playboy,2
player,2
players,2
plays,2
playstation,2
plc,2
pleads,2
plz,2
polite,2
political,2
pontiac,2
pope,2
porch,2
position,2
positive,2
potato,2
potential,2
pour,2
pourin,2
praise,2
press,2
prevent,2
prey,2
prison,2
pro,2
problems,2
professional,2
progress,2
promethazine,2
promise,2
promotion,2
pronounced,2
properly,2
props,2
protect,2
protest,2
protests,2
prototype,2
publicly,2
puddles,2
puppy,2
purchases,2
pure,2
quality,2
quest,2
quiet,2
quit,2
racism,2
racist,2
raf,2
ramps,2
rap,2
realist,2
rear,2
receive,2
recently,2
recognize,2
records,2
reeling,2
referring,2
reform,2
refresh,2
regain,2
registered,2
relationships,2
relax,2
remain,2
remind,2
reminding,2
reminds,2
remote,2
replacing,2
reported,2
research,2
resorts,2
retire,2
retro,2
revealed,2
revenge,2
rick,2
rid,2
ridiculous,2
ridiculously,2
righteous,2
rights,2
rings,2
robin,2
rocking,2
rocky,2
roll,2
romance,2
ross,2
roster,2
rude,2
rumors,2
rush,2
russia,2
sacred,2
safety,2
saints,2
salad,2
salon,2
salt,2
salty,2
samsung,2
sanchez,2
sanctions,2
sang,2
sarah,2
sausage,2
savage,2
savannah,2
sc,2
scam,2
scandal,2
scheme,2
scientists,2
scratch,2
se,2
sec,2
secretly,2
secrets,2
seeing,2
seek,2
sees,2
select,2
sell,2
senator,2
sending,2
sentence,2
september,2
serie,2
shades,2
shady,2
sharpens,2
sherlock,2
shes,2
shipping,2
shocking,2
shoulder,2
showcase,2
showers,2
shown,2
siblings,2
sides,2
sigh,2
signs,2
silly,2
sin,2
sincerely,2
singer,2
sir,2
sisters,2
situation,2
situations,2
skies,2
skills,2
slap,2
sleeping,2
sleepy,2
slots,2
smash,2
smoke,2
snoop,2
snow,2
soap,2
soccer,2
soft,2
solar,2
sold,2
someone's,2
soooooo,2
soup,2
source,2
southern,2
soy,2
spanish,2
spirits,2
spoil,2
spotted,2
spree,2
sprite,2
squid,2
squirrel,2
standing,2
stands,2
starbucks,2
starving,2
steph,2
stephen,2
sticks,2
stomach,2
stopped,2
stopping,2
storage,2
streaming,2
strebendt,2
stressin,2
strip,2
struggle,2
stuck,2
studio,2
stupid,2
styles,2
successful,2
sugar,2
suit,2
suits,2
sup,2
superglue,2
suppose,2
surely,2
surgery,2
surprised,2
sushi,2
swag,2
swimming,2
sydney,2
system,2
t-shirt,2
tablet,2
tanner,2
taste,2
te,2
teach,2
teams,2
tear,2
tears,2
technology,2
tells,2
tend,2
tendency,2
terrorizing,2
testing,2
texts,2
theater,2
thomas,2
thousands,2
threw,2
throwback,2
thursday,2
thx,2
tied,2
tight,2
tita,2
titties,2
tix,2
tlc,2
toddler,2
toe,2
toes,2
toilet,2
tomato,2
tonight's,2
toronto,2
torture,2
tosh,2
toss,2
tournament,2
tower,2
toy,2
tragic,2
trailer,2
trails,2
trained,2
trainer,2
transit,2
transport,2
trash,2
travels,2
treasure,2
treated,2
trend,2
trevor,2
trey,2
tribute,2
triple,2
truly,2
tuesday,2
tumblr,2
turkey,2
turns,2
twe,2
tweeting,2
twice,2
tyler,2
ugh,2
uh-oh,2
ultimate,2
underserved,2
understands,2
unfollow,2
unfollowed,2
unhealthy,2
union,2
unlimited,2
upon,2
upset,2
usa,2
usual,2
various,2
vcs,2
veins,2
vendas,2
vet,2
victim,2
vision,2
vodka,2
volleyball,2
volume,2
waffle,2
walked,2
walker,2
walmart,2
war,2
warned,2
warning,2
warrant,2
wars,2
waste,2
wave,2
wearing,2
wears,2
web,2
website,2
wednesday,2
weed,2
weird,2
wet,2
whereas,2
whether,2
wicked,2
wide,2
wilson,2
window,2
wine,2
winning,2
wishing,2
within,2
wizar,2
woah,2
wondering,2
woof,2
wore,2
worker,2
world's,2
worlds,2
worse,2
worthless,2
wrist,2
writes,2
www,2
wynne,2
x1,2
x22,2
x3,2
x8,2
xbox,2
xd,2
yay,2
yearbook,2
yeezy,2
yorkshire,2
youre,2
youu,2
zayn,2
zayn's,2
zebra,2
zero,2
zumba,2
zurumon,2
#150days,1
#15tt,1
#1989tourbatonrouge,1
#1989worldtour,1
#2015graduates,1
#24k,1
#24u,1
#3110hits,1
#360wisejamz,1
#465hr,1
#49ers,1
#4musiclfs,1
#500aday,1
#5hfamily,1
#6secondsofspears,1
#90s,1
#a,1
#aaronhernandez,1
#abag,1
#above,1
#ac360,1
#acfamily,1
#activity,1
#adamnedeff,1
#adogtame,1
#adopta,1
#adorable,1
#aleisha,1
#alexoloughlin,1
#allincle,1
#allwhite,1
#alpha,1
#amazoncart,1
#amec,1
#american,1
#amirite,1
#amwriting,1
#anaiszanotti,1
#analchamp,1
#analfeet,1
#analfisting,1
#anbraga,1
#androidgame,1
#androidphones,1
#andujar,1
#anotherlonelynight,1
#antarctic,1
#anxietyshopping,1
#app,1
#aracelys,1
#argentinalovesyou,1
#armorer,1
#arts,1
#askbelieber,1
#askcrush,1
#askdirectioner,1
#asktop,1
#atlanta,1
#atlanticbeachbikefest,1
#atruehero,1
#auburn,1
#auctions,1
#auspol,1
#author,1
#autofollow,1
#available,1
#award-winning,1
#babyonboard,1
#bags,1
#bambi,1
#baseball,1
#basket,1
#bathbomb,1
#bayarea,1
#bbcan3,1
#bbjade,1
#bbnick,1
#bbuklive,1
#bcdo,1
#bds,1
#bear,1
#beardless,1
#bearguys,1
#beats,1
#beauty,1
#beautygiveaway,1
#beer,1
#behavior,1
#bellytheelephant,1
#bestfinder,1
#bestfriend,1
#bet,1
#beta,1
#bfhardline,1
#bigdata,1
#bigdatamed,1
#biomedical,1
#birds,1
#bittens3,1
#blackmagicnasradios,1
#blackops2,1
#blackoutsgloves,1
#blakehs,1
#blessed,1
#blog,1
#bloggers,1
#blowjob,1
#bluejays,1
#bnr3,1
#bolivar,1
#bookworm,1
#boozeandbbq,1
#boston,1
#bowling_king,1
#boxsets,1
#boycottisrael,1
#bradpaisley,1
#breakingnews,1
#brics,1
#briefbutspectacular,1
#brooklyn,1
#brown,1
#bts,1
#btwlisteningparty,1
#bubblegumfinale,1
#burundi,1
#cadbury's,1
#calamityjane,1
#calgary,1
#cali,1
#camera,1
#campnou,1
#canada,1
#cance,1
#canceltheduggars,1
#cancer,1
#cannabis,1
#canwnt,1
#capitals,1
#capri,1
#car,1
#career,1
#caroyalcommission,1
#cat,1
#cats,1
#cc4stem,1
#cfc,1
#cfi,1
#championthematch,1
#chemtrails,1
#chicago,1
#chickenfries,1
#china,1
#chinapavilion,1
#chinssect,1
#chocolate,1
#choosereal,1
#cityofchampions,1
#ckan,1
#classof2015,1
#cle,1
#cleaninghouse,1
#cleveland,1
#climate,1
#clintasha,1
#clips,1
#close,1
#closed,1
#clubparty,1
#cobbcounty,1
#colga,1
#collectibles,1
#collectors,1
#colonial,1
#comics,1
#computer,1
#conchitawurstspeech2014,1
#constantine,1
#cooking,1
#cookingupsummer,1
#coolestsummer,1
#cotton,1
#cowx,1
#cpiac,1
#cpr,1
#cpromo,1
#cr4u,1
#crest,1
#crossdressing,1
#crowneplazainvitational,1
#crushinittour,1
#crushpics,1
#cs5,1
#csgojackpot,1
#cskvsrcb,1
#csrclassics,1
#cuddleweather,1
#curryriddle,1
#customclips,1
#customvideos,1
#cutthroat,1
#cutthroatlahc,1
#dadbod,1
#dai,1
#dale,1
#dancershn,1
#daredevil,1
#dawgs,1
#daybreakers,1
#dc,1
#deacon,1
#dedicated,1
#deediephatdagodmother,1
#deephouse,1
#del_b,1
#delena,1
#dennisrodman,1
#design,1
#destabilized,1
#dhibuya,1
#diamondring,1
#didyouknow,1
#dind,1
#directioners,1
#disney24,1
#disneyland60,1
#diversity,1
#dixon,1
#dna,1
#dodgers,1
#doglover,1
#doinggodswork,1
#dom,1
#doncaster,1
#doncasterisgreat,1
#dontignore,1
#dope,1
#dr,1
#draisdolls,1
#draislv,1
#draismdw,1
#dreamers,1
#dreamweaver,1
#drone,1
#duggar,1
#duggarfamilyvalues,1
#duggars,1
#dwmtm,1
#dyke,1
#dysport,1
#eagles,1
#earbiscuits,1
#earrings,1
#echoesofwar,1
#echolightning,1
#edformmva,1
#education,1
#elitetorrent,1
#elpueblonoapoyaanarco,1
#eng,1
#epcots,1
#epicfin,1
#erotica,1
#espirerclothing,1
#espn,1
#essentialmix,1
#essex,1
#estabishedgays,1
#etsy,1
#etsymntt,1
#euronews,1
#eurovision,1
#eurovision2015,1
#evenitup,1
#everett,1
#everybodysayyeah,1
#ewokalypse,1
#ewokalypsepart2,1
#excl,1
#exmachina,1
#expanding,1
#eyelashextensionkit,1
#f1,1
#f12015,1
#face,1
#family,1
#family#friends#hfd#hpd#vets,1
#familypractice,1
#farewell,1
#fashionblogger,1
#fb,1
#fbf,1
#fcbarcelona,1
#feelingmyselfpart2,1
#feelsorryforyou,1
#feminism,1
#fetish,1
#filipina,1
#filmlife,1
#finance,1
#fitnessalerts,1
#flashbackfriday,1
#florida,1
#flygangfriday,1
#flyguyuniversity,1
#follow2befollowed,1
#followbob,1
#followed,1
#foodie,1
#foodporn,1
#foodtripfriday,1
#football,1
#forcefridaycountdown,1
#forevermorefinale,1
#fox,1
#fracking,1
#freakindeaconfriday,1
#freakshit,1
#freakyfriday,1
#fredocontest,1
#freedom,1
#frenchbrazilian,1
#freshdigimonbracket,1
#freshp,1
#fridayfizz,1
#friskyfriday,1
#fuckdistance,1
#fun,1
#fundaoifesshorthaircut2k15,1
#funny-pics,1
#furfreefriday,1
#furmanstrength,1
#galsen,1
#gamedev,1
#gameins,1
#gamergate,1
#gardentotable,1
#gay,1
#generate,1
#generationchange,1
#geoengineering,1
#georgestrait,1
#glamberts,1
#gloupchallenge,1
#gmff,1
#gmo,1
#goaxosfa,1
#godisgreat,1
#godschristianwarriors,1
#godskings,1
#goheels,1
#goldcoast,1
#goodluck,1
#goterps,1
#gps,1
#graduation,1
#graytonbeach,1
#greatestleagueintheworld,1
#greenliving,1
#growth,1
#gusasoccer,1
#gymclassheroes#myheartsastereo,1
#gymwankers,1
#hampers,1
#handwritten,1
#happybdaydad,1
#happybirthdaymoz,1
#happymemorialdayweekend,1
#harajuku,1
#harrypotter,1
#harvard15,1
#harveymilk,1
#head,1
#healingplate,1
#health,1
#hectormorejon,1
#hhn24,1
#hijab,1
#hof068,1
#hold,1
#home,1
#honeymoontouroslo,1
#hookupinsantabarbara,1
#hopetheycanhelp,1
#horror,1
#housecup,1
#houston,1
#howto,1
#htowntakeover,1
#hushedwithjohnnieguilbert,1
#hypervenom,1
#iamdeca,1
#iart,1
#icandothat,1
#icc4israel,1
#ice,1
#iceninekills,1
#idahointernships,1
#igaf,1
#ihavenosha,1
#illinoian,1
#imjustsaying,1
#inc,1
#indefectiblemegagloss,1
#indie,1
#indieauthor,1
#inglewood,1
#innovation,1
#inspiration,1
#inspirational,1
#inspire1,1
#instadog,1
#instaguau,1
#instantfollowback,1
#instylevip,1
#internetfriends,1
#internship,1
#iow,1
#ireland,1
#irelandvoteyes,1
#isdc2015,1
#isil,1
#islam,1
#islamic,1
#island,1
#isleofwight,1
#itunes,1
#itv,1
#itwasfunwhileitlasted,1
#itzchunezinsaceworld,1
#jab15,1
#jacksvine,1
#jamaica,1
#jasonpatric,1
#jeff_seid,1
#jemthemovie,1
#jerseydayoak,1
#jewelers,1
#jobseeker,1
#jordan,1
#journalism,1
#joyustimes,1
#just,1
#justice,1
#justiceforlynntilton,1
#justiceformeg,1
#kansascity,1
#katiehopkins,1
#keene,1
#kfdubsmash,1
#killthetrade,1
#kindle,1
#kiss92,1
#kittens,1
#knights,1
#kobo,1
#kocorner,1
#kondobyjaymoni,1
#korea,1
#kpopfollowtrain,1
#ladyboy,1
#lead,1
#lebanon,1
#leerigby,1
#legends,1
#lemonde,1
#letterman,1
#lfc,1
#libreoffice,1
#life,1
#lifeisreal,1
#linefriend,1
#lineshop,1
#linkedin,1
#live,1
#liveperformances,1
#livet,1
#livetweetosaatf,1
#lol,1
#lordmountbatten,1
#love,1
#lovemyarizona,1
#lowell,1
#lprtg,1
#lucifer,1
#lupus,1
#lush,1
#lushbathbomb,1
#makeittrend,1
#malikbaby,1
#manner,1
#mansionmurder,1
#marathoner,1
#marieharfhistoricalfacts,1
#marines#army#navy#airforce,1
#market,1
#marketing,1
#mars,1
#marvel,1
#mayihelp,1
#mcdavid,1
#mcfridaytreat,1
#me,1
#meaction,1
#memes,1
#memorialwkendeve#pearljam,1
#mercury,1
#meteorjs,1
#mhmonth15,1
#mikehuckabee's,1
#mila,1
#millcityio,1
#minecr,1
#minecraft,1
#minecraftgames,1
#minnesota,1
#mirrorimage,1
#missyou,1
#mixtapes,1
#mlb,1
#mmvas,1
#mntwins,1
#model,1
#monacogp,1
#monsanto's,1
#morningwood,1
#mortgages,1
#motivation,1
#motorhead,1
#motown,1
#mountlanumbaanhomestead,1
#mplaces,1
#mrbrown,1
#mrmrsbette,1
#mtv,1
#mufc,1
#mug,1
#murder,1
#music,1
#myface,1
#myhijab,1
#mystery,1
#mysterystack,1
#nach,1
#nai,1
#nashvillefc,1
#nature,1
#natureiscalling,1
#nbafinals2015,1
#nc12,1
#neverforget,1
#newbornphotography,1
#newface,1
#newfacescrew,1
#newfaceshn,1
#newpublicart,1
#newsingle,1
#newtidevideo,1
#newzealand,1
#nfs,1
#nikeplus,1
#nintendominute,1
#nofasttrack,1
#noh8,1
#noimagination,1
#nopunintended,1
#norwalk,1
#nostradamusep,1
#notdenied,1
#nothingfitsme,1
#nowrin,1
#np,1
#nude,1
#nufc,1
#nursing,1
#oakisland,1
#oc,1
#occupy,1
#official,1
#ohhowheloves,1
#ohtheblood,1
#oilers,1
#oklahomacity,1
#omgdisney,1
#onedirection,1
#onelasttime,1
#onsale,1
#oregairu,1
#oregon,1
#orijinaldrum,1
#ourtownourclub,1
#outbacksteakhouse,1
#outlander,1
#outlanderfyc,1
#overlord,1
#p90,1
#paccoast,1
#paranormal,1
#paris,1
#park,1
#parramattaeels,1
#partybus,1
#partychilensiswebeoawards,1
#pbsnews,1
#pc,1
#peace,1
#pell,1
#phenomdigital,1
#philadelphia,1
#philately,1
#photos,1
#phuketweather,1
#pictureyourselfpan,1
#pillow,1
#pinay,1
#pisces,1
#pitchperfect2,1
#pku,1
#planet90,1
#ple,1
#plivo,1
#poetry,1
#poker,1
#popefrancis,1
#porno,1
#postproduction,1
#pottiteam,1
#powered,1
#powerplayers,1
#pr,1
#pray,1
#prayer,1
#prematureejaculation,1
#prescott,1
#pressplaydallas,1
#productiveweek,1
#prom2k15,1
#promo,1
#proofread,1
#ps4live,1
#purplelife,1
#qu,1
#queronotvz,1
#quiltnational15,1
#quizzingcameron,1
#rabelpharmacy,1
#racehub,1
#rachelsroom,1
#randomforecast,1
#rapvideos,1
#rapwave,1
#raybannsh6,1
#rebelcircus,1
#redandwhite,1
#religion,1
#religionofpeace,1
#replacem,1
#replacemovienamewithphupho,1
#respect,1
#ring,1
#rip,1
#risky,1
#rnb,1
#robot,1
#romance,1
#rookiedebut,1
#rowsyoparis,1
#rt2gain,1
#runkeeper,1
#rushaxosfa,1
#rylanrichards,1
#sa,1
#sachkundige,1
#sadgirl909,1
#safc,1
#saidnooneever,1
#sale,1
#sales,1
#sarcasmismysuperpower,1
#saturnusday,1
#saudiarabia,1
#saveyourscreams,1
#savingchase,1
#scandal,1
#scorpio,1
#scottsdale,1
#screamqueens,1
#secure,1
#selfpublishing,1
#senegal2002,1
#senihiburan,1
#seniornight,1
#sfa19,1
#sheffieldiss,1
#sheforall,1
#shemale,1
#shessmarterthanyou,1
#shopcheveux,1
#shot,1
#siliconvalley,1
#simmyproblems,1
#singledad,1
#slapdash100,1
#slaughterhouse,1
#sledgehammermurder,1
#slytherin,1
#smack,1
#smart,1
#smh,1
#smoothscholar,1
#soannoying,1
#sorrynotsorry,1
#soundcloud,1
#southpadreisland,1
#southsudan,1
#southyorkshire,1
#sp,1
#spartanpride,1
#sportslaw,1
#sprayart,1
#spshow,1
#startu,1
#starwars,1
#stelena,1
#steo,1
#stoxx600,1
#street,1
#streetphotography,1
#stunnin,1
#sugaraddict,1
#summer,1
#summerlaunch,1
#sungoh,1
#supernatural,1
#supportourtroops,1
#survivor,1
#swallow,1
#swanpass,1
#sweepsentry,1
#sweepstakes,1
#syhs,1
#tagsforlikes,1
#taking,1
#talksport,1
#taurus,1
#tbx,1
#tcot,1
#team221,1
#team45,1
#teamfollow,1
#technology,1
#tempe,1
#temptation,1
#terminatorgenisys,1
#tetchy,1
#tfw,1
#thanks,1
#thankyou,1
#thankyoubasedgod,1
#the_best,1
#theflash,1
#thefranchise,1
#thefridaynightshow,1
#theleftovers,1
#themoneyteam,1
#themovement,1
#thenightmanager,1
#thesomaliayouneverhearabout,1
#theturnup,1
#thewitcher3,1
#thiscouldbeusbutyouplayin,1
#thoughthewasbig,1
#thoughtstreamheartbeat,1
#thrillers,1
#thsb,1
#thuglife,1
#timeflys,1
#timeout,1
#timetosaygoodbye,1
#tlc,1
#tomorrowspaperstoday,1
#topmusic,1
#toptv,1
#toscon15,1
#tpp,1
#tradershub,1
#trainride,1
#trakt,1
#trash,1
#traveling,1
#treasure,1
#trending,1
#trevorlive,1
#true,1
#truediversity,1
#truth,1
#tsn,1
#ttsbeckycj,1
#turkey,1
#tvd,1
#tvoff,1
#tvshowtime,1
#twd,1
#twdseason6,1
#twdshow,1
#tweetyourseat,1
#twfbg,1
#twilight,1
#twilio,1
#twinkload,1
#twpause,1
#ufc,1
#uniq,1
#unity,1
#unscramblethepic,1
#urban,1
#urbanart,1
#usa,1
#usdollarrpt,1
#ux,1
#uxdesign,1
#vacation,1
#valkyrie,1
#vamos,1
#vancouver,1
#vangogh,1
#vegas,1
#veterans,1
#video,1
#videos,1
#view,1
#violenteye,1
#violentlips,1
#viralmarketing,1
#virtualreality,1
#virtualtwitter,1
#visionaries,1
#visitbhaijaanzsalmankhan,1
#voice,1
#voteyes,1
#vscocam,1
#vzwbuzz,1
#wandsworth,1
#ward48,1
#warriorsvscavaliers,1
#watch,1
#waterloo,1
#wave3news,1
#wcf,1
#wdasoftball,1
#wearable,1
#wearetheroadcrew,1
#weather,1
#weathersydney,1
#webdeals,1
#wefoundus,1
#welcometovine,1
#westandwithstydia,1
#wewantnocontrolasasingle,1
#wewereneverfriendsanyways,1
#whatsfordinner,1
#whenhooyosaid,1
#whereareunow,1
#whereyouat,1
#whistlepodu,1
#whitehouse,1
#whufc,1
#windpower,1
#windworks,1
#winnerofeurovisioncontest,1
#wint,1
#wisdom,1
#wmskgrind,1
#wolo,1
#womensfootb,1
#word,1
#words,1
#world,1
#worvdur,1
#wow,1
#wrongkabbage,1
#wvu,1
#xbox360,1
#xfinity,1
#yegtraffic,1
#yelp,1
#yemen,1
#yhtube,1
#younow,1
#youtharealmvp,1
#yyc,1
#zante2015,1
#zendaya,1
'3nya,1
'70s,1
'a,1
'a-rod,1
'are,1
'assuming,1
'awesome,1
'bar,1
'born,1
'boro,1
'capital,1
'charge,1
'confident,1
'cooties,1
'double,1
'edge,1
'father,1
'find,1
'fp,1
'friends,1
'golden,1
'greatest,1
'hood,1
'hurry,1
'i'm,1
'inhumane,1
'jet,1
'jim,1
'jk,1
'kerrie,1
'let,1
'minimising,1
'move,1
'no,1
'nocturnal,1
'one,1
'petunia,1
'pissing,1
'princess,1
'pussy,1
'serious,1
'shove,1
'sir,1
'soar,1
'sode,1
'stable,1
'stephanie's,1
'thirded,1
'till,1
'tonic,1
'true,1
'tt,1
'we,1
'worst,1
--scanned,1
-1030pm,1
-9p,1
-billy,1
-brad,1
-chris,1
-ciara,1
-count,1
-jess,1
-lou,1
-may,1
-nath,1
-plays,1
-pocket,1
-proverbs,1
-rom,1
-s,1
-year-old,1
00pm,1
1000network,1
100ea,1
10end,1
10ft,1
10joules,1
10km,1
10years,1
10yrs,1
12pm,1
12th,1
140xi,1
14yo,1
16,1
166km,1
16th,1
16x16,1
17081330source,1
18k,1
19am,1
19c,1
19m,1
1am,1
1d,1
1ere,1
1hr,1
1min,1
1nd,1
1rt,1
1s,1
1x,1
1year,1
1yr,1
2000s,1
200k,1
20gb,1
20th,1
20x10,1
20x9,1
20years,1
235,1
24c,1
25k,1
27th,1
29pm,1
2bad,1
2k,1
2nde,1
2pac,1
2v2s,1
2vi,1
2x,1
2x05,1
2x17,1
2xp,1
30pm,1
30sec,1
30x,1
31am,1
32gb,1
32x,1
33pts,1
35mph,1
3am,1
3aw,1
3cc,1
3d,1
3fm,1
3gs,1
3hour,1
3months,1
3sall,1
3v3,1
3x,1
45mins,1
48311pbm,1
4am,1
4g,1
4k,1
4s,1
4t,1
4x05,1
50hr,1
50x,1
50years,1
525k,1
55b,1
55cts,1
55mph,1
55r20,1
5awa,1
5pm,1
5x,1
5years,1
60rc,1
65w,1
6ft,1
6months,1
6pm,1
6tfff,1
6x5,1
700k,1
72pc,1
75b,1
76f,1
7pm,1
7s,1
80mm,1
86hits,1
888sport,1
8l,1
8p,1
8x170,1
90s,1
95buy,1
99designs,1
99th,1
9months,1
9pm,1
__,1
_m___g___w___v_,1
a1036018,1
aaaaaa,1
aaaaaaaaaaaaa,1
aaron,1
abandoned,1
abba,1
abbas,1
abc,1
abd,1
abg311,1
ability,1
abolishment,1
abortion,1
absolute,1
absolutely,1
abstract,1
abt,1
abuela,1
abuser,1
abusers,1
acad's,1
academy,1
accepting,1
accepts,1
accessible,1
accomplishment,1
account-going,1
accurate,1
accusations,1
aches,1
ackerman,1
ackles,1
ackman,1
acted,1
actin,1
actively,1
actress,1
adaline,1
adam,1
addict,1
address,1
adds,1
adhd,1
adidas,1
adik,1
adopted,1
adoption,1
ads,1
adult,1
adulthood,1
adults,1
adventurous,1
adversity,1
advocates,1
aesthetic,1
affair,1
affairs,1
affected,1
affecting,1
affects,1
affleck,1
affordable,1
afghanistan,1
afrah,1
africa,1
african,1
african-american,1
afterthought,1
afterward,1
againn,1
againnnnnn,1
agam,1
agen,1
ages,1
agility,1
aging,1
agnes,1
agression,1
ahaha,1
ahh,1
ahhhh,1
ahmedze,1
aides,1
aii,1
ailments,1
aing,1
air-conditioned,1
aircraft,1
airjitzu,1
airline,1
airplane,1
airplanes,1
airport,1
aisha,1
aka,1
akeeba,1
akeman,1
akron,1
alabama,1
alarum,1
alaska,1
albums,1
alcohol,1
aleon,1
alexandre,1
alexis,1
alfie,1
alfred,1
algebra,1
align,1
aligned,1
alistair,1
all-state,1
all-time,1
allardyce,1
allardyce's,1
alleged,1
allen,1
alles,1
alley,1
allies,1
allow,1
allowances,1
alma,1
almond,1
alot,1
alpha,1
alright,1
alt,1
alternatives,1
alternet,1
although,1
aluminium,1
aluminum,1
alumna,1
alva,1
alysia's,1
ama,1
amalfi,1
amaze,1
amazes,1
amazinggg,1
amazingly,1
ambient,1
amendment,1
america's,1
amg,1
amid,1
amiright,1
amnesty,1
amores,1
amp,1
anal,1
analyst,1
analysts,1
anatomy,1
ancaster,1
ancelotti,1
ancient,1
andcorruption,1
anderson,1
andiola,1
andre,1
android's,1
angelic,1
angeo's,1
anger,1
angler,1
ani,1
anime,1
anitagarciaa_re,1
annan,1
anniversary,1
announced,1
announcement,1
announcing,1
annoy,1
anonymity,1
anos,1
ansel,1
answer,1
answered,1
answering,1
answers,1
antarctica,1
anthology,1
anti-prison,1
antidote,1
antique,1
antisocial,1
antonio,1
anufams,1
anxiety,1
anybody,1
anythin,1
aoba,1
apocalyps,1
apologize,1
apparently,1
appearing,1
appears,1
appetite,1
applaud,1
applebee's,1
application,1
applications,1
apply,1
appointed,1
appoints,1
apprec,1
apprecia,1
appreciation,1
approached,1
approve,1
april,1
apron,1
aqua,1
aran,1
arctic,1
areas,1
arent,1
arevalo,1
arghhh,1
argue,1
arkansas,1
armada,1
armani,1
armellin's,1
armour,1
arndt,1
arnold's,1
arrangement,1
arrest,1
arrive,1
arrived,1
arrives,1
arriving,1
arse,1
arsenal's,1
arsene,1
artistic,1
arts,1
arugula,1
asap,1
asheville,1
ashley,1
ashton's,1
asia,1
asian,1
asians,1
asking,1
asks,1
asl,1
asleep,1
aslflfhafadkfhlshs,1
aspirations,1
assault,1
assemblies,1
assholes,1
assisted,1
associated,1
asst,1
assumed,1
assurance,1
astonishing,1
astound,1
astro,1
athletes,1
athletic,1
athletically,1
atl,1
atrai,1
attacked,1
attacking,1
attacks,1
attendees,1
attitudes,1
attorney's,1
attributes,1
audience,1
audio,1
aunt,1
aurora,1
australian,1
austria's,1
authentic,1
authentication,1
authenticity,1
authority,1
autographed,1
automated,1
autosport,1
avail,1
ave,1
average,1
avid,1
aviv,1
avon,1
avril,1
awakening,1
aware,1
awayu,1
awe,1
aweeeeesomeeeeee,1
awful,1
awhile,1
awning,1
awoken,1
awwww,1
awwwwww,1
ay,1
ayahh,1
ayeeee,1
az,1
azalea's,1
b1,1
b7,1
babcock,1
babes,1
babyangelhazza,1
babygirl,1
babygirls,1
backdrs,1
backfired,1
background,1
backseat,1
bacon,1
bad-ass,1
badday,1
bae's,1
baercelona,1
baha,1
bai's,1
baiser,1
bakal,1
bale,1
bali,1
ballantyne,1
ballet,1
balloon,1
balm,1
baloo,1
bam,1
bang,1
banged,1
banger,1
bankroll,1
bankrupt,1
banks,1
banter,1
barack,1
barca,1
bardeen,1
bardot,1
barefoot,1
barmen,1
barney,1
barton,1
bash,1
basket,1
bass,1
bastards,1
batgirl,1
batman's,1
batsmen,1
batting,1
baxter,1
bbc,1
bbking,1
beachgoers,1
beam,1
bean,1
beans,1
bear,1
bearing,1
bears,1
beasts,1
beautifully,1
bec,1
beckham's,1
becomes,1
bedroom,1
bedtime,1
bees,1
begin,1
behavior,1
bekkkky,1
belardo,1
belarus,1
believes,1
belkin,1
bell,1
bellevue,1
belong,1
beloved,1
bend,1
benin,1
berlin,1
beside,1
betray,1
bets,1
betta,1
betw,1
beverly,1
bey,1
beyhiveinfrance,1
bfh,1
bgt,1
bh,1
bi,1
bianca,1
bias,1
bible,1
bicycle,1
bidder,1
bigbang,1
biggie,1
bih,1
bikers,1
bikes,1
bikini,1
billionaire,1
bills,1
billy,1
billybo,1
billyjoecrawford,1
binder,1
bingbing,1
bioware,1
bipolar,1
bird,1
birds,1
birthday's,1
birthdays,1
birthdayy,1
birthed,1
bismillah,1
bitch's,1
bitchassness,1
bitchin,1
bitchy,1
biting,1
bittersweet,1
biv,1
bizarre,1
black-owned,1
blackberry,1
blackjack,1
blackpool,1
blade,1
blaming,1
blanks,1
blast,1
blatantly,1
blatter,1
blending,1
blenheim,1
blessings,1
blige,1
blind,1
blocked,1
blocking,1
bloggenesis,1
blogs,1
blow,1
blowing,1
blowjob,1
blown,1
blows,1
blues-rock,1
blvd,1
bo3,1
bobbin,1
bobby,1
bodies,1
bodyguard,1
boffy,1
bohemian,1
boil,1
bolt,1
bomb,1
bombed,1
bombing,1
bond,1
bonds,1
bone,1
boob,1
bookcon,1
booklet,1
boomtown,1
boons,1
boos,1
boosts,1
boot,1
bootstrap,1
bop,1
boring,1
borrowed,1
bosh,1
boss,1
bother,1
bothering,1
bottles,1
bought,1
bound,1
bouta,1
boutique,1
boutonniere,1
bowling,1
boxer,1
boxes,1
bra,1
bracelets,1
bracket,1
brad,1
brain-anesthetizing,1
brains,1
brakoda,1
branson,1
branson's,1
bratislava,1
brats,1
braun,1
brave,1
bravowwhl,1
breached,1
breakups,1
breath,1
breathe,1
breathing,1
breathtaking,1
breed,1
brendan,1
brennen,1
brentwood,1
brewing,1
brianna,1
briar,1
bridesmaid,1
brighton,1
bringing,1
brink,1
broadband,1
broadcast,1
brodders,1
bronx,1
brooke,1
brooklynn,1
brooks,1
broopy,1
browns,1
bruegel,1
brussels,1
brutally,1
bryan,1
bryant's,1
bsg,1
bt,1
bub,1
bubblegum,1
bucket,1
bud,1
buddy,1
buffalo,1
building,1
buildings,1
bukauskas,1
bulk,1
bull,1
bullied,1
bullshittery,1
bully,1
bullying,1
bump,1
bumpin,1
buncombe,1
bundy,1
bunks,1
burakovsky,1
burden,1
burlap,1
burning,1
burst,1
burton,1
businesses,1
businessjamaica,1
bust,1
busty,1
busy,1
butt,1
butterworth,1
butthole,1
butthurt,1
buyers,1
buzzcut,1
buzzing,1
bw,1
bypass,1
c'est,1
c1900,1
cables,1
cabochon,1
cafe,1
cahhh,1
cake,1
cal,1
calay,1
caldmore,1
calif,1
calm,1
calorie,1
cambridge,1
camgirl,1
cami,1
camping,1
camps,1
canceled,1
cancellation,1
cancels,1
candle,1
canera,1
capacity,1
cape,1
capital,1
caps,1
captain,1
carcinogenic,1
cardiac,1
cardiff,1
cardinal,1
career,1
careless,1
cares,1
carey,1
carful,1
carli,1
carlivatiron,1
carmichael,1
carni,1
carol,1
carolejames,1
carpet,1
carson,1
carter,1
cash,1
casino,1
casper,1
cassie,1
casters,1
castillo,1
castle,1
castles,1
castro,1
castrol,1
casual-cool,1
casually,1
catching,1
cathedral,1
cats,1
cauliflower,1
cautionary,1
cavalcante,1
cave,1
cdl,1
cdn,1
cease,1
cedes,1
cedis,1
ceiling,1
cel,1
celeb,1
celebrity,1
celebs,1
celebutante,1
celine,1
cell-mate,1
cent,1
centered,1
centre-of-attention,1
centuries,1
century,1
ceo,1
ceramics,1
ceremony,1
certain,1
cesar,1
cessation,1
cf,1
cfda,1
cfrintel,1
cfs,1
chained,1
chair,1
chalk,1
challenging,1
chamber,1
champion,1
champions,1
championships,1
chandelier,1
chandler's,1
chanted,1
chanyeol,1
characters,1
charge,1
charged,1
charger,1
charging,1
charlie,1
chasing,1
chat,1
chaturvedi,1
chaves,1
chea,1
cheapest,1
cheat,1
cheated,1
cheater,1
checkingg,1
checks,1
cheddar,1
chedder,1
cheerleaders,1
cheers,1
cheesin,1
cheesy,1
chel,1
chennai,1
cherrybomb,1
childish,1
chilli,1
chillicothe,1
chimchim,1
chin,1
china,1
chinese,1
chinger,1
chip,1
chipotle,1
chips,1
chock,1
chocolate,1
choi,1
choir,1
choke,1
choking,1
choosing,1
chopped,1
christi,1
christmas,1
christopher,1
chrom,1
chrome,1
chrysalis,1
chubby,1
chuck,1
chughli,1
cia,1
cigarettes,1
cim,1
cincinnati,1
cinema,1
cinemas,1
cit,1
citizen,1
citizens,1
cl's,1
claiming,1
claudie,1
clean,1
cleanse,1
clearing,1
clemson,1
client,1
climbers,1
clint,1
clinton's,1
closest,1
clothe,1
cloud,1
cloudy,1
clue,1
cnn,1
co-captai,1
co-directors,1
coachella,1
coaching,1
cock,1
cocktails,1
cocoa,1
coding,1
cody,1
coker,1
coldfiel,1
cole,1
colfer's,1
collab,1
collaborate,1
collabro,1
collapse,1
collar,1
collect,1
collector,1
coloring,1
colorless,1
colors,1
colossians,1
colour,1
colt,1
coltre,1
combos,1
combs,1
comer,1
comfortably,1
comfy,1
comically,1
commas,1
commented,1
commenter,1
commentsubscribe3x,1
commitment,1
common,1
commonplace,1
communicable,1
communicate,1
communications,1
commutes,1
comp,1
companies,1
compared,1
compasssion,1
compatible,1
competitive,1
complain,1
compliance,1
components,1
compound,1
comprehend,1
compulsory,1
con,1
concealment,1
concern,1
concerts,1
concludes,1
conference,1
confident,1
confusion,1
congress,1
conner,1
conquered,1
conservatives,1
consider,1
consideration,1
considers,1
console,1
constantine,1
construction,1
consumption,1
cont,1
containing,1
contemplation,1
content,1
contente,1
contessa,1
context,1
continues,1
continuing,1
contributed,1
controller,1
controversial,1
convention,1
conversations,1
conversion,1
convert,1
convinced,1
convocation,1
convos,1
cookbook,1
cooked,1
cooker,1
cookers,1
cooler,1
cooling,1
coolpix,1
coors,1
cop,1
copenhagen,1
cops,1
cor,1
corder,1
core,1
corm,1
corn,1
corn-on-the-cob,1
cornered,1
corny,1
corpse,1
corpus,1
correct,1
correctly,1
corrupt,1
corzine's,1
cosmetology,1
cosplay,1
costella,1
costly,1
costumes,1
cotent,1
cotton,1
couch,1
could've,1
councilors,1
count,1
counter,1
countin,1
country's,1
coupla,1
couragia,1
cousin#engagement#fun#party#yo,1
cousins,1
coven,1
coverage,1
cows,1
coz,1
cp,1
cpr,1
cps,1
crabs,1
crack,1
cracking,1
crackled,1
craft,1
crafted,1
craig,1
craig's,1
cramps,1
crane,1
crank,1
crankin,1
crap,1
crappiness,1
crappy,1
crashing,1
craving,1
crawf,1
crawford's,1
crawled,1
crayola,1
creates,1
creating,1
creds,1
creek,1
creepy,1
crenshaw,1
cretin,1
crief,1
crime,1
croatia's,1
crochet,1
crossed,1
crossing,1
crossover,1
crossroads,1
crowds,1
cruel,1
cruise,1
crusade,1
crush,1
crust,1
crynf,1
cs,1
cs5,1
csgo,1
ct,1
cube,1
cubs,1
cuckold,1
cuddles,1
cuddling,1
cummins,1
cummmm,1
cumshot,1
cup,1
cup's,1
cures,1
curious,1
currency,1
current,1
currents,1
currie,1
curse,1
cushions,1
custard,1
custom,1
customers,1
customizing,1
customs,1
cutting,1
cuuuman,1
cx1900-re,1
cx1900re,1
cybersec,1
cycling,1
cyclist,1
cypher,1
czaxcapxr,1
d13th,1
d538,1
dad's,1
daftar,1
dah,1
daihatsu,1
daisy,1
dakota,1
dallas,1
dam,1
damaged,1
dancer,1
dang,1
danny,1
dany,1
dare,1
dargy,1
daria,1
darinarmstrong,1
darkness,1
darn,1
darwin,1
daryl,1
das,1
dash,1
dashboard,1
dat's,1
dates,1
dating,1
daum,1
dave,1
dave's,1
daventry,1
davido,1
davies,1
dawg,1
dayib,1
dayyyyyyyy,1
dayzz,1
dbay,1
dd,1
de3,1
deadly,1
deaf,1
dean,1
dearest,1
deca,1
decathlon,1
december,1
deception,1
deci,1
decide,1
decima,1
decision,1
deck,1
declares,1
deco,1
deeck,1
deed,1
deepika,1
deeply,1
deer,1
deere,1
defaults,1
defeats,1
defend,1
defends,1
defensive,1
definition,1
degenerates,1
degeneration,1
degree,1
deirdra,1
del,1
delays,1
delegation,1
delete,1
deleted,1
deleting,1
delicate,1
deliciousness,1
delighted,1
deliver,1
delivered,1
delivery,1
dell,1
deluxe,1
demaio,1
demand,1
demarco,1
democracy,1
democrati,1
democratic,1
demoniaaaaaaaa,1
den,1
denies,1
denmark,1
dent,1
deo,1
deorro,1
deportivo,1
depressing,1
dept,1
derailment,1
derek,1
descriptive,1
desert,1
deserves,1
design,1
designed,1
desk,1
despise,1
dessert,1
destiny,1
destroys,1
destruc,1
detail,1
detective,1
determined,1
detrimental,1
developer,1
developers,1
developing,1
devided,1
devil's,1
devoted,1
devouring,1
dhalay,1
dhashay,1
diabetic,1
dialogue,1
diane,1
diapers,1
dichroic,1
dickinson,1
dicks,1
dictatorship,1
dictionary,1
diddle,1
didn,1
died,1
dies,1
dieting,1
difficult,1
digest,1
digging,1
dillon,1
dimension,1
dinas,1
ding,1
dinning,1
diocesan,1
diocese,1
dip,1
diplo,1
dirctr,1
directory,1
dirt,1
dirty,1
dis,1
disability,1
disappeared,1
disappoint,1
disaster,1
discern,1
discharge,1
discipline,1
disclose,1
discontinued,1
discussion,1
disgusted,1
dishcloth,1
disherison,1
dishes,1
dishwasher,1
disinformation,1
dislike,1
disparaging,1
dissertation,1
distant,1
distromu,1
disturbed,1
disturbing,1
ditched,1
divide,1
dividend,1
divorce,1
dix,1
djs,1
dl,1
dms,1
doc,1
doctors,1
documentary,1
documents,1
dodgers,1
doger,1
doll,1
dollars,1
dollian,1
dolls,1
dolphin,1
dom,1
dome,1
dominated,1
dominos,1
dong,1
donna,1
dons,1
donuts,1
doo,1
doodoo,1
door-to-door,1
doors,1
doris,1
dork,1
dosage,1
dospely,1
dots,1
doubt,1
doubts,1
douchebag,1
doug,1
dough,1
doute,1
downfall,1
downgrade,1
downhill,1
downtown,1
downv,1
dped,1
drained,1
draining,1
drama,1
draws,1
dread,1
dreads,1
dreamed,1
dreaming,1
dreamintentions,1
dreamweaver,1
dressed,1
dressing,1
drew,1
dribbler,1
drip,1
drivers,1
drives,1
drummer,1
drumup,1
dry,1
ds,1
dua,1
dual,1
dub,1
dubbed,1
duchovny,1
duckpin,1
dudes,1
dug,1
duke,1
dukkha,1
dumas,1
dump,1
dundalk,1
dunham,1
dunks,1
duo,1
dust,1
dvd,1
dwayne,1
dykes,1
dylan,1
dysport,1
e'm,1
eal,1
earl,1
earphones,1
earrings,1
earthlings,1
eastern,1
eater,1
eats,1
eatting,1
eb3,1
ebay_us,1
ebooks,1
economic,1
economics,1
edith,1
edt,1
educating,1
educators,1
ee,1
eeee,1
eeew,1
effortless,1
ego,1
eh,1
el,1
elder,1
elect,1
elevator,1
elijah,1
elite,1
elnarr,1
elon,1
embarassment,1
embarrassing,1
embodiment,1
emerald,1
emerging,1
emilia's,1
emoe,1
emojis,1
emotionally,1
emotions,1
emphasize,1
employees,1
en14764,1
enabled,1
enamel,1
encourage,1
endeavor,1
ended,1
ending,1
endsss,1
enduring,1
enemy,1
energetic,1
eng,1
engineer,1
engravida,1
engrossing,1
enjoying,1
enkc,1
ensure,1
entering,1
entertainment,1
enthusiasts,1
entitled,1
entra,1
epicenter,1
epiphany,1
eptember,1
equal,1
equally,1
equine,1
eqxeltf,1
erase,1
eraser,1
erdogan,1
erect,1
erika,1
erin,1
es,1
escorting,1
ese,1
esp,1
espnu,1
espresso,1
espy,1
esse,1
estimate,1
eternal,1
ethernet,1
ethier,1
etho's,1
etsy,1
eu,1
euro,1
evan,1
evanesce,1
events,1
everett,1
everlong,1
everton,1
everyone's,1
everythi,1
everythin,1
everywhere,1
evidence,1
evolution,1
evolving,1
ew,1
ex-acne,1
ex-mp,1
excel,1
excellence,1
except,1
exception,1
excitement,1
excluding,1
exclusively,1
excuses,1
exercises,1
exes,1
exhales,1
existing,1
exists,1
exited,1
exiting,1
exp,1
expandi,1
expect,1
expectations,1
expensive,1
experiences,1
experimenting,1
expire,1
explains,1
explode,1
exploited,1
explored,1
explorer,1
exploring,1
explosive,1
explosives,1
expressed,1
expressing,1
extensions,1
extent,1
extinction,1
extr,1
extracted,1
extras,1
extremely,1
extremism,1
eya,1
eyebrow,1
eyed,1
eyelashes,1
eyesight,1
eyewear,1
ezzys,1
fa,1
faaaammmm,1
fabric,1
faced,1
faces,1
facial,1
facility,1
faded,1
fadumo,1
fahlo,1
fail,1
failure,1
fairly,1
fairmont,1
fairuz,1
faking,1
falem,1
fame,1
fan's,1
fanbase,1
fanboy,1
fandom,1
fangirl,1
fanks,1
farage,1
farewell,1
farts,1
fascinating,1
fashion,1
fashions,1
fashola,1
faster,1
fate,1
fathers,1
fats,1
fattest,1
fault,1
favoritos,1
favouri,1
fb,1
fckn,1
feared,1
fears,1
features,1
february,1
feces,1
feckers,1
fee,1
feelios,1
fehom,1
fell,1
feminists,1
ferguson,1
fez,1
ff,1
ffs,1
fidel,1
fidh_en,1
fiercely,1
fiercer,1
fiery,1
fig,1
figures,1
figurines,1
filbur,1
file,1
filets,1
filmation,1
filming,1
filmmaker,1
filter,1
filthy,1
finalist,1
finals,1
financially,1
finds,1
fined,1
finishing,1
finland,1
fins,1
firsthand,1
firstservice,1
fishing,1
fitness,1
fitting,1
fiverr,1
fixture,1
flake,1
flakers,1
flannel,1
flasks,1
flavors,1
fleetwood,1
flemish,1
fli,1
flicka,1
flickr,1
flight,1
flik,1
flip,1
flirting,1
floral,1
florence,1
flowerk,1
flowers,1
flowing,1
floyd,1
flyouts,1
fml,1
fo,1
focussed,1
foe,1
foiiow,1
folding,1
foliage,1
folk,1
followback,1
followd,1
folow,1
fonts,1
foot,1
football,1
forbes,1
forbidden,1
forbrew,1
forces,1
forcing,1
ford,1
foreal,1
forecast,1
foreheads,1
forensics,1
forest,1
forever-online,1
forgetting,1
forgive,1
forgives,1
forgiving,1
fork,1
forms,1
foro,1
forum,1
foto,1
fottuti,1
foul,1
founded,1
fourth,1
fp,1
fragile,1
framing,1
francis,1
francisco,1
frankly,1
fratboys,1
fraud,1
freckled,1
freelance,1
freeman,1
freestyle,1
french,1
freshly,1
freshman,1
frfrfrfr,1
fridays,1
friend's,1
fries,1
frog,1
front-end,1
fruit,1
fruits,1
fruity,1
frustrated,1
fry,1
frye,1
fryzh,1
ftball,1
fu,1
fucced,1
fuckboy,1
fucks,1
fudge,1
fuller,1
function,1
functioning,1
funding,1
funeral,1
furthering,1
furthermore,1
fury,1
fuse,1
fused,1
futile,1
future's,1
futuristic,1
fuuu,1
fuzzy,1
fva,1
fw,1
fwm,1
fwu,1
fx,1
fxi,1
fyi,1
gabe,1
gacy,1
gaga's,1
gah,1
gains,1
gallagher,1
gamertag,1
gamertags,1
gandalf,1
gangsta,1
gap,1
garden,1
gareth,1
gas,1
gasmilla,1
gates,1
gators,1
gaye,1
gaze,1
gb,1
gbr,1
gdn,1
geez,1
gel,1
gemini,1
geminis,1
gemstones,1
generalizing,1
generate,1
genesis,1
genisis,1
gents,1
george,1
georgia,1
gerberas,1
gerhart,1
germans,1
germany,1
germs,1
gesture,1
getafe,1
getin,1
gettin,1
gettt,1
gfinity,1
gh,1
ghana,1
ghanaian,1
ghost,1
gidigba,1
giftcard,1
gifts,1
giggles,1
gigs,1
gilet,1
gillard,1
gin,1
ginny,1
ginobili,1
ginternet,1
giraffe,1
giraffes,1
girlfriends,1
gladys,1
glastonbudget,1
glaze,1
glebe,1
glenn,1
glimpse,1
globe,1
globetrotter,1
glossed,1
glove,1
glow,1
gn,1
gne,1
goalss,1
goats,1
goddamn,1
gogo,1
goldfish,1
golfer,1
gonzalez,1
goode,1
goodluck,1
goons,1
goooo,1
gooood,1
goose,1
gop,1
gorgeous,1
gorilla,1
gostaria,1
gostei,1
gothard's,1
gotten,1
goulding,1
gov,1
gr8,1
gra,1
grace,1
graceffa,1
gracias,1
grader,1
graffiti,1
grafton,1
graham,1
grandal,1
grandpa's,1
grandparents,1
grange,1
grant,1
granville,1
grape,1
grapes,1
graphic,1
graphics,1
grappler,1
grasp,1
grasshoppers,1
grateful,1
grats,1
greater,1
greatness,1
greenaway,1
gregg,1
greink,1
grey,1
grey's,1
griffey,1
grift,1
grilling,1
grimm,1
gripper,1
groundbreaking,1
grounds,1
grove's,1
grungy,1
gryffindor,1
gtg,1
gti,1
gtr,1
gts,1
gtx,1
guarantee,1
guaranteed,1
guard,1
gudam,1
gues,1
guests,1
guinness,1
guitar,1
gundlach,1
gunfight,1
gunmetal,1
guptill,1
guthke,1
gutted,1
h0llywood,1
haaaha,1
haba,1
habig,1
habit,1
hacked,1
hackers,1
hae,1
hahahha,1
haired,1
hairy,1
hale,1
halftime,1
halle,1
hallway,1
halp,1
hamburger,1
hamilton,1
hammond,1
handmadesbymarcia,1
handout,1
handy,1
haneke,1
hangover,1
hank,1
hapieee,1
hapu,1
harassment,1
harbor,1
harden,1
hardly,1
hare,1
harington,1
harlem,1
harriet,1
harris,1
hart,1
hartford,1
harvested,1
harvey,1
hash,1
haten,1
hauling,1
haunted,1
hav,1
havent,1
havin,1
hawkins,1
hawraa,1
hayley,1
hayysst,1
hazard,1
hdtv,1
header,1
headmaster,1
headphone,1
headphones,1
headset,1
heal,1
healing,1
healthcare,1
healthier,1
healthy,1
heard,1
heartbreak,1
hearthstone,1
heated,1
heaven,1
heavydirtysoul,1
heck,1
heights,1
hein,1
helaillo,1
helm,1
helm's,1
helmer,1
helpful,1
hendrix,1
henry,1
herbals,1
heredia,1
hereeeee,1
herez,1
heritage,1
hermione,1
hernandez,1
heroes,1
herpes,1
hessel,1
heterosexual,1
hey--whatevs,1
heyy,1
hhhh,1
high-fiving,1
high-schooler,1
highlands,1
highlight,1
highmark,1
highs,1
highschool,1
hihi,1
hii,1
hiiiiiiii,1
hijet,1
hiker,1
hilson,1
himalaya,1
himalayan,1
hinduism,1
hire,1
historic,1
historica,1
historical,1
hitchcock,1
hml,1
hmmmmmm,1
hmu,1
hnd,1
hnuzqtjr,1
hoc,1
hockey,1
hoes,1
hoffman's,1
hogs,1
hokutopia,1
holdem,1
holder,1
holds,1
hole-y,1
holistically,1
holland,1
holmes,1
holster,1
holtz,1
homeschool,1
homeschooling,1
homies,1
hominem,1
honoring,1
honour,1
hoo,1
hoopa's,1
hopeful,1
hopeless,1
hopkins,1
horizons,1
horoscope,1
horridd,1
horrified,1
horror-comedy,1
hortons,1
hosted,1
hosts,1
hotel,1
hotels,1
hotter,1
houghton,1
hounded,1
housing,1
hover,1
how're,1
however,1
howl,1
hp,1
hrs,1
hrw,1
hspace,1
huckabee's,1
hugged,1
hugo,1
hull,1
hull's,1
humans,1
humby,1
hume,1
humility,1
hummed,1
humour,1
hun,1
hundreds,1
hung,1
hunter,1
hunters,1
hunting,1
hurricane,1
hurst,1
husband's,1
hustle,1
huw,1
hve,1
hwr,1
hwsnbn,1
hxeartbreakkidd,1
hyatt,1
hydrangea,1
hyped,1
hyperloop,1
hypermobile,1
hypocrisy,1
hyukjae,1
iam,1
ib,1
ibaka,1
iblessharry,1
ice-cream,1
icecream,1
iceman's,1
ich,1
icone,1
iconic,1
icsa,1
ideal,1
idgaf,1
idiot,1
idiotic,1
iggy,1
ight,1
ignorance,1
ignorant,1
ignored,1
ignores,1
ignoring,1
ii,1
iii,1
iit,1
ik,1
ikr,1
il,1
ilysfm,1
image,1
imax,1
img,1
immature,1
immigration,1
immortal,1
impac,1
imperial,1
impinchi-ye-turnup,1
implants,1
implying,1
impression,1
impressive,1
improve,1
improved,1
improvisation,1
impunity,1
imy,1
in-depth,1
inadvertently,1
inc,1
incarceration,1
incarnate,1
inception,1
incessant,1
included,1
includes,1
including,1
inclusion,1
increase,1
incredibly,1
indication,1
indigo,1
indirected,1
indirects,1
indy,1
inevitable,1
inexplicably,1
infielder,1
infinitely,1
infinity,1
influence,1
informed,1
infowarriors,1
infrastructure,1
infuriate,1
inhabitants,1
inhibitors,1
injury,1
ink,1
inn,1
innathoe,1
innings,1
innocent,1
insanely,1
insha,1
insight,1
insists,1
inspiration,1
inspired,1
inspiron,1
insta,1
install,1
installment,1
instance,1
instant,1
instantly,1
instead,1
instruments,1
insulting,1
insults,1
insurance,1
insurence,1
inte,1
intensifies,1
intent,1
interactions,1
interes,1
interest,1
interested,1
interface,1
interiors,1
intern,1
internally,1
internment,1
internship,1
interrogates,1
interrogating,1
interviewed,1
intimate,1
intlcrimcourt,1
intp,1
introduced,1
invented,1
investigated,1
investigating,1
investors,1
inviol,1
involved,1
io,1
iqaluit,1
iraqi,1
irises,1
irony,1
irrelevant,1
irresponsible,1
irs,1
isaac,1
isis,1
islagrand,1
islamic,1
islamists,1
israel,1
italian,1
itchy,1
iunno,1
ivana,1
ivanka,1
ivy,1
ivy's,1
iwb,1
izaya,1
jade,1
jags,1
jamelii,1
jamieson,1
jams,1
janet,1
janitorial,1
janner,1
january,1
japan,1
jauregui,1
jaw,1
jawline,1
jazwares,1
jb,1
jcc,1
jcommunity,1
jd,1
jdeema,1
jeans,1
jedi,1
jeep,1
jeffing,1
jehehehe,1
jem,1
jennayy,1
jenner,1
jesse,1
jessica,1
jewel,1
jewelbots,1
jilla,1
jimi,1
jimin,1
jimmy,1
jingles,1
jnkwd,1
jo,1
joblocom,1
jobposting,1
jobstand,1
jobvite,1
joe,1
joes,1
joggers,1
johnny,1
joined,1
joins,1
joints,1
jools,1
joor,1
jorge,1
joscars,1
joss,1
journal,1
joy,1
jqb,1
jrt,1
js,1
judged,1
judgemental,1
jugular,1
jumpa,1
jumped,1
jumping,1
jun,1
jungle,1
juniors,1
junkies,1
jura,1
jurds,1
jury,1
juss,1
justice,1
justo,1
juvenile,1
k-cups,1
k-mount,1
k-pop,1
kandice,1
kaplan,1
karley,1
karma,1
kart,1
kasi,1
kasjkssns,1
kat,1
katherine,1
kathy,1
katie,1
kawaii,1
kawasaki,1
kayla,1
kc,1
keegan,1
keeping,1
keg,1
kei's,1
keita,1
ken,1
kendrick,1
kentucky,1
kenyan,1
keri,1
kernel,1
kevs,1
keyboard,1
keyda,1
keyrings,1
keystone,1
kg,1
khalifa,1
kicked,1
kickinn,1
kill'em,1
kille,1
killers,1
killings,1
kilts,1
kindergarten,1
kindleu,1
kinds,1
kingdom's,1
kingsford,1
kinnaman,1
kirakira,1
kissing,1
kittens,1
kitty,1
km,1
knackeredin,1
knee,1
kneels,1
knees,1
knight,1
kno,1
knocking,1
knowyourshit,1
knoxville,1
knwledgble,1
kofi,1
koks,1
kombat,1
konkol,1
kontrolfreeks,1
korean,1
korver,1
kpopp,1
kpoppers,1
kraft,1
kringel,1
kris,1
ks,1
ksu,1
kt,1
kupchak,1
kvaman,1
ky2,1
l'amour,1
l830,1
laaaaaateeeee,1
laboring,1
labour,1
lacazette,1
lace,1
lack,1
lacking,1
lacrou,1
lads,1
lafayette,1
lagos,1
laguna,1
laid,1
lakes,1
lame,1
lampost,1
lampwork,1
land,1
lannister,1
laptop,1
laptops,1
large,1
largely,1
largest,1
larissa,1
larry,1
larrysforget,1
las,1
latino,1
laughed,1
laugher,1
laughinggggggg,1
laughs,1
launchers,1
laura,1
lauren,1
lava,1
lavigne,1
law,1
laws,1
lawsuit,1
layer,1
layered,1
lazer,1
lb,1
lbs,1
leaf,1
leafs,1
leak,1
learned,1
learning,1
learns,1
lebron,1
led,1
ledger,1
lee,1
leeds,1
leeeeft,1
leela,1
leeman971,1
legacy,1
legalization,1
legally,1
legends,1
legislation,1
legit,1
leisure,1
lel,1
lena,1
lending,1
lens,1
leo,1
leopards,1
lesbian,1
lesson,1
letter,1
letterit,1
lettuce,1
leveled,1
levi,1
lewd,1
lewis,1
lexus,1
ley,1
lezz,1
lf,1
lfc,1
lg,1
liberalism,1
liberals,1
libtards,1
license,1
lick,1
lidddd,1
lieu,1
lif,1
lifeprotips,1
lifted,1
lighted,1
lighter,1
lighting,1
lightl,1
lights,1
lightshow,1
likeeee,1
likes,1
likesubscribe,1
lilith,1
limited-edition,1
lineup,1
linux,1
lions,1
lips,1
listened,1
listenin,1
listing,1
listings,1
lit,1
lite,1
literations,1
literature,1
liv52,1
liver,1
liverpool,1
llc,1
lm,1
lmaoooo,1
lmaoooooo,1
lmaoooooooo,1
lmfaooooooooooooooo,1
lmn,1
ln,1
lnhs,1
loaded,1
loads,1
lob,1
lobby,1
located,1
location,1
locations,1
lock,1
locks,1
locomotion,1
log,1
lololol,1
lon,1
lonely,1
longest,1
longs,1
loockscreen,1
lookalike,1
loooong,1
looooool,1
loose,1
lordoftherings,1
lords,1
lorry,1
loser,1
losers,1
loses,1
losses,1
louder,1
loudest,1
loudly,1
lounge,1
lourd,1
lovees,1
lovelovelovelovelove,1
lovers,1
lovin,1
loyalty,1
lpt,1
ls,1
lt,1
lt295,1
lube,1
luhan,1
luksong,1
lullaby,1
lumbar,1
lumina,1
luminous,1
lure,1
lush,1
luther,1
luton,1
lv,1
lvn's,1
lvy,1
ly,1
lyfstyle,1
lyk,1
lynch,1
lyre,1
lyrebirdstudio,1
m'f,1
m7tren,1
m9,1
ma'am,1
maaaan,1
maccas,1
machine,1
mack,1
mackey,1
maco,1
madden,1
madman,1
madness,1
madrid's,1
magazine,1
magnifying,1
mahama's,1
mainly,1
mains,1
majorca,1
mak,1
makeing,1
makena,1
makotch,1
mal,1
malch,1
maldini,1
mall,1
mallam,1
mama,1
mamma,1
managing,1
manassas,1
mandating,1
manganiello's,1
manhood,1
manicure,1
manipulative,1
mannequin,1
mantra-in,1
manuel,1
manufacturers,1
map,1
maple,1
maquoketa,1
maradona,1
marbles,1
marc,1
margaret,1
mariah,1
marino,1
mario,1
marion,1
marker,1
marmoset,1
marr,1
married,1
martin,1
martin_dahinden,1
marvel's,1
marvellous,1
marvin,1
mary,1
mary-kate,1
maryland,1
mascot,1
mash-up,1
masking,1
masks,1
mast3r,1
masteri,1
mastery,1
masturbation,1
matched,1
mater,1
matou,1
matt,1
matte,1
matthew,1
maturity,1
maui,1
maverick,1
mawnin,1
maxi,1
mayday,1
mayer,1
mayweather,1
mccain,1
mccartney,1
mcconnell,1
mcdonald's,1
mchale,1
mckenna,1
mcl,1
mcqueen,1
md,1
meadowlark,1
meagan,1
mecca,1
mechanism,1
medieval,1
mediterranean,1
medium,1
mee,1
meeee,1
meek,1
meeting,1
meg's,1
mega,1
mega-star,1
megan,1
meh,1
mehmet,1
mekstarshine,1
melhor,1
melissa,1
melon,1
melt,1
melting,1
member,1
memo,1
memorized,1
men's,1
mendes,1
menendez,1
mens,1
mentality,1
mentor,1
merch,1
merchants,1
mercy,1
merong,1
mesi,1
mess,1
messaging,1
messiest,1
methacton's,1
metric,1
metro,1
mets,1
meuwine,1
mf,1
mg,1
mga-czar,1
mgm,1
mgm's,1
mh,1
mhl,1
miami,1
mic,1
mich,1
michaela,1
michaels,1
michigan,1
micro,1
microscope,1
mid,1
middle,1
midfie,1
midlands,1
mikala,1
mikeb5701,1
mile,1
milius,1
mill,1
millennium,1
miller,1
millionaires,1
mills,1
milner,1
mind-blowing,1
mindfuck,1
mini-game,1
minority,1
mins,1
mint,1
minus,1
miranda,1
mirror's,1
mirrored,1
misconduct,1
misinterpr,1
mistakenly,1
mistakes,1
mixed,1
mixshow,1
mixtapes,1
mizanskey,1
mizzys,1
mla,1
mmo,1
mmos,1
mn,1
mo,1
mobilising,1
mocha,1
mocked,1
moctezuma,1
modded,1
mode,1
modern,1
modernized,1
modest,1
modi,1
modifications,1
modules,1
moi,1
mojang,1
mojave,1
mole,1
molested,1
molests,1
mom's,1
mommy,1
momo,1
mon,1
monaco,1
moneyrp,1
moneyyy,1
mongering,1
montage,1
montana,1
montgomery,1
montpellier,1
monumento,1
moods,1
moost,1
morally,1
morals,1
morgan,1
morgana,1
morgantown,1
morgue,1
moriarty,1
morn,1
morningg,1
mornings,1
moron,1
morrissey,1
mortal,1
mother's,1
motherfucker,1
motivates,1
motive,1
motocross,1
mount,1
mourinho,1
mouse,1
mov,1
movableness,1
moved,1
moves,1
mpls,1
ms,1
msg,1
mst,1
mt,1
muay,1
mud,1
mudhoney,1
multicare,1
multicoloured,1
multiplayer,1
mums,1
munenori,1
murray,1
museum,1
musk,1
muslims,1
must-read,1
mutant,1
mutants,1
mutha,1
muthafuckin,1
mutiraolegends,1
muuuuuuuuch,1
mv,1
mwah,1
my-herbal-journey,1
myopia,1
mysterious,1
myth,1
myuu,1
nacho,1
nagar,1
nahhhh,1
nails,1
nailwear,1
naive,1
nano,1
naples,1
narendra,1
narrr,1
nascar,1
nasir,1
nasty,1
nat,1
nation,1
nation's,1
nationals,1
native,1
natives,1
natsume,1
naturebox,1
navy,1
naw,1
nc,1
nd,1
nda,1
ne,1
nearest,1
necessities,1
necklace,1
neckline,1
nectar,1
nee,1
neglected,1
negotiate,1
negro,1
neh,1
nehs,1
neighbors,1
neighbours,1
neil,1
neither,1
nellie,1
nelson,1
nem,1
nervous,1
ness,1
net,1
netherlands,1
netplay,1
networking,1
neutrality,1
new-ish,1
newer,1
newman,1
newscast,1
newsmagazine,1
newsweek,1
nfc,1
nfl's,1
ni,1
niamh,1
nib,1
nic,1
nicely,1
nickdemoura,1
nicknames,1
nicotine,1
nieces,1
nigel,1
nigerian,1
niko,1
nikon,1
ninetendo,1
ninja,1
nintendo,1
ninth,1
nipple,1
nipples,1
niska,1
nitrate,1
nitto,1
nixon,1
nj,1
nn,1
noah,1
nobles,1
nobody's,1
nocks,1
nokia,1
nominating,1
nomore,1
non-whites,1
nons,1
noon,1
noooo,1
noooooooo,1
northbound,1
northern,1
nose,1
nosebleed,1
noted,1
notes,1
notion,1
nottingham,1
novel,1
np,1
ns,1
nsa's,1
ntar,1
nth,1
nudes--wait,1
nuggets,1
nuh,1
numb,1
numbers,1
nurse,1
nutella,1
nw,1
nwanne,1
nwo,1
nwot,1
nwt,1
nxp,1
nxt,1
nympho,1
nyu,1
nz,1
oak,1
oakley,1
object,1
objective,1
objectively,1
obnoxious,1
observer,1
obsessed,1
obviously,1
oceans,1
oct,1
octopus,1
odd,1
oddly,1
offended,1
offf,1
offical,1
officer's,1
offshore,1
og,1
ohh,1
ohio,1
ohs,1
oif,1
oitnb,1
okaythanksforsharing,1
okkaaaaaaayyyyy,1
oklahoma,1
okwu,1
oldies,1
oldtimer,1
ole,1
olive,1
omaha,1
omfg,1
omfh,1
omgg,1
omygod,1
onceee,1
one-third,1
onecklace,1
onecup,1
oneself,1
onlife,1
onlinecounsellingcollege,1
onna,1
onnit,1
ontario,1
onto,1
oo,1
oofm,1
ooooh,1
oops,1
ooviya,1
op,1
opened,1
opens,1
operating,1
operators,1
opportunities,1
oprah,1
optimism,1
options,1
orange,1
oranges,1
orangutans,1
orb,1
ordered,1
orders,1
oreo,1
organized,1
organizers,1
organsation,1
originals,1
orleans,1
ort,1
ota,1
other's,1
otonashi,1
ottawa,1
otterbox,1
ou,1
ouat,1
ouch,1
oud,1
ouija,1
outback,1
outer,1
outfield,1
outlaw,1
outlets,1
outpost,1
outtt,1
ouvir,1
oval,1
oven,1
overall,1
overdraft,1
ovipositing,1
owen,1
owing,1
owner,1
oxoxox,1
oya,1
oz,1
p0rn,1
p2cim-ausb,1
pa,1
pa12,1
pac-10s,1
paces,1
pacific,1
packages,1
pacquiao's,1
padres,1
pageant,1
pagi,1
paint,1
painted,1
painting,1
pak,1
pal,1
palace,1
palestinian,1
palfrey,1
palmer,1
palmyra,1
panel,1
panic,1
panthers,1
panties,1
pants,1
paolo,1
pap,1
papa,1
papers,1
paragraph,1
parallel,1
paralympics,1
paranormal,1
pardon,1
pareo,1
parker,1
parklife,1
paroxetine,1
parris,1
participated,1
participates,1
pas,1
passage,1
passenger,1
password,1
pastels,1
patent,1
patience,1
patiently,1
patients,1
patriot,1
patriotic,1
paul's,1
pavilion,1
payday,1
payment,1
payout,1
pdt,1
peacefully,1
peanut,1
pecuniary,1
pederson,1
pediatrics,1
pedicure,1
pedophile,1
peeeeeendejo,1
peele,1
peeling,1
peephole,1
peg,1
peggy,1
pele,1
pen,1
pencil,1
penn,1
penny,1
pens,1
pentax,1
penthouse,1
peop,1
peopl,1
pepperoni,1
perfectoss,1
perks,1
permissio,1
perozo,1
perseverance,1
persistent,1
person's,1
personagens,1
personally,1
persons,1
perspective,1
perverted,1
pesticides,1
peterson,1
peti,1
pf-80ed,1
pfaltzgraff,1
phat,1
phil,1
philadelphian,1
philippine,1
phillies,1
philly,1
philthropist18,1
phoebe,1
phones,1
photobombs,1
photography,1
photowall,1
php,1
phrase,1
phuket,1
physical,1
physically,1
physios,1
piaf,1
piano,1
pic's,1
picked,1
pickles,1
picks,1
pickup,1
pierce,1
pillow,1
pilots,1
pilsner,1
pilt,1
pine,1
pinkowitz,1
pins,1
pipeline,1
pippen,1
pirate,1
pishybreeks,1
pistol,1
piti,1
pittodrie,1
pix,1
pixar,1
pizzagasm,1
pizzahut,1
pl,1
placed,1
plain,1
planned,1
plano,1
plastic,1
plat,1
plate,1
plated,1
playa,1
player's,1
playgirl,1
playoff,1
playset,1
pleafe,1
pleaseeee,1
pleaseeeee,1
pleaser,1
pleasureful,1
pleasures,1
pleatco,1
plse,1
plug,1
plundering,1
plunging,1
plush,1
pluto,1
pnc,1
po,1
poacher,1
podcasts,1
poisonous,1
poker,1
pokerstars,1
polanski,1
pole,1
policeman,1
polish,1
politician's,1
poll,1
polling,1
polo,1
pomegranate,1
pone,1
poop,1
pooper,1
pops,1
por,1
portions,1
portugal,1
positions,1
positivity,1
possessive,1
possibility,1
possiblier,1
possum,1
post-aou,1
post-match,1
postage,1
poster,1
posters,1
posting,1
postponed,1
posts,1
pot,1
pott's,1
pottermore,1
pottery,1
potus,1
poty,1
pounds,1
poverty,1
powerful,1
pp,1
pr,1
pram,1
precious,1
precise,1
predict,1
prediction,1
preemptive,1
prefer,1
preferably,1
prefix,1
pregame,1
pregnancy,1
pregnant,1
premier,1
premiere,1
premises,1
premium,1
preorders,1
prepair,1
preparatory,1
prepares,1
preps,1
presentation,1
presidents,1
pretentious,1
prevention,1
priceless,1
prick,1
priest,1
prima,1
primetime,1
princess,1
princesses,1
principal,1
printed,1
printer,1
prive,1
privileged,1
prob,1
probes,1
probs,1
probz,1
procedures,1
process,1
processes,1
prod,1
produce,1
producers,1
product,1
productive,1
prof,1
professors,1
profiling,1
profiting,1
profligate,1
programmable,1
programmes,1
programming,1
progressive,1
prolly,1
promised,1
prommmm,1
promocode,1
promote,1
promotes,1
promotional,1
promotions,1
proof,1
proofs,1
property,1
proph,1
prosecutors,1
prositute,1
prosser,1
prostitute's,1
protective,1
proteins,1
protocol,1
prouder,1
prov,1
proverb,1
proves,1
provide,1
proving,1
provost,1
prowler,1
ps4,1
pse,1
psegbarb,1
psis,1
psjlmqhis,1
psn,1
pssh,1
pst,1
psych,1
psychiatrists,1
ptame,1
pu,1
pub,1
published,1
pugs,1
pulled,1
pulls,1
pumangit,1
punish,1
punjabi,1
puns,1
pup,1
purgative,1
purposefully,1
purposely,1
pursue,1
pursuit,1
push-up,1
pushes,1
pushing,1
pushit,1
pussycat,1
puth,1
putters,1
putting,1
putty,1
pwwpc200,1
pyjama,1
qrsmx,1
qualities,1
quantify,1
que,1
quebec,1
queend,1
queens,1
questi,1
quickly,1
quilly,1
quran,1
r-e-t-w-e-e-t,1
races,1
rach,1
rachel's,1
racing,1
racks,1
radek,1
radiation,1
radio,1
radio's,1
radness,1
rafael,1
raff,1
raided,1
raidlight,1
rainbow,1
rainmaker,1
rainn,1
rainy,1
raise,1
raised,1
rallies,1
ram,1
ramadan,1
ramekin,1
ramen,1
ran,1
ranbir's,1
ranch,1
rando,1
randomization,1
randomly,1
range,1
rangemom1,1
rankin,1
rape,1
rapid,1
rapping,1
rarely,1
raritan,1
rasheed,1
ratchets,1
rate,1
rated,1
rating,1
rational,1
rats,1
ravens,1
raw,1
ray,1
ray-ban,1
rays,1
rbi,1
rdl's,1
re-discover,1
re-entry,1
re-tweet,1
react,1
readin,1
real-life,1
realest,1
realised,1
realises,1
realistic,1
realistically,1
realities,1
rebates,1
rebellion,1
reblog,1
rebuild,1
recall,1
recap,1
receber,1
received,1
receives,1
receiving,1
recent,1
recheck,1
reckless,1
recognition,1
recommend,1
recovery,1
recruiter,1
rectangular,1
recycle,1
red's,1
redeem,1
redone,1
reduced,1
reduction,1
reeeeeally,1
reevaluate,1
reeves,1
reference,1
reflects,1
reforms,1
refrain,1
refusing,1
regard,1
region,1
regional,1
regionals,1
regrets,1
regular,1
rehab,1
reigns,1
rejects,1
related,1
relationship,1
rele,1
release,1
releases,1
reli,1
relief,1
religion,1
religions,1
remainder,1
remakes,1
remembered,1
reminders,1
reminisce,1
remove,1
renewable,1
renewing,1
rentboy,1
reopdr,1
reorientate,1
rep,1
repaint,1
repeatedly,1
repeats,1
replay,1
replying,1
reporting,1
repost,1
represent,1
representative,1
representatives,1
represented,1
representin,1
reps,1
republic,1
republican,1
reputation,1
requires,1
rescue,1
reset,1
residential,1
resign,1
resignation,1
resmondo,1
resources,1
respecting,1
respects,1
respond,1
responding,1
responsible,1
responsiv,1
resting,1
restore,1
result,1
retarded,1
retirement,1
retract,1
returns,1
retweeting,1
reuptake,1
reuters,1
revealing,1
reverse,1
revined,1
reward,1
reynolds,1
reynolds's,1
rf,1
rh,1
rheayvlay,1
rhetoric,1
rhetorical,1
rhi_loves_1d,1
rhodochrosite,1
rhymes,1
rhys,1
ric,1
rice,1
rich,1
richard,1
richest,1
rides,1
ridgefield,1
riff,1
rigby's,1
rigo,1
rigorous,1
rihanna,1
rims,1
rio,1
riot,1
riots,1
ripped,1
rising,1
risks,1
riviera,1
rlly,1
robert,1
robing,1
robocars,1
robot,1
rockin,1
rockstar,1
rockstars,1
rodgers,1
rods,1
roflmao,1
rogers,1
rohirrim,1
role,1
roll'd,1
rolled,1
rollins,1
roman,1
romonda,1
ronke,1
roof,1
rooftop,1
roommates,1
rooting,1
roppongi,1
rose,1
roses,1
rosiak,1
rot,1
rotor,1
rough,1
rout,1
routine,1
rowling,1
royally,1
rpm,1
rrp,1
rss,1
rt-share-pledge-foster-adopt,1
rters,1
rti,1
rtmr,1
ru,1
rub,1
rubix,1
rug,1
rugby,1
ruins,1
rule,1
rumble,1
rumo,1
rumor,1
rumours,1
rumz,1
runway,1
rural,1
rushed,1
rusney,1
russia's,1
russians,1
rust,1
rx300,1
rxp,1
rxpx,1
rxt,1
rxtx,1
ryabkov,1
s01e13,1
s3x,1
s4,1
s5,1
s6,1
sab,1
sabki,1
sabre,1
saddest,1
sadists,1
saf,1
safeguarding,1
safely,1
sai,1
sajan,1
sake,1
sakura,1
salford,1
salmon,1
salsa,1
salut,1
salutatorian,1
sam's,1
same-sex,1
sammy,1
samson,1
sandy,1
sanskrit,1
santos,1
sapphires,1
sarcastic,1
sarita,1
sark,1
sarkodie,1
sassy,1
satan,1
satisfy,1
satisfying,1
saturday's,1
saturdays,1
saturn,1
saves,1
savy,1
sawmill,1
sayings,1
sbl2ru,1
sbo,1
sbobet,1
scale,1
scammer,1
scares,1
scary,1
sch,1
schafer,1
schedule,1
schneiderlin,1
scholar,1
scholars,1
schoolboy,1
science,1
scientist,1
scoop,1
scooter,1
scope,1
scorecard,1
scorer,1
scoring,1
scorpio,1
scotland,1
scott,1
scotty,1
scouting,1
scrabble,1
scrap,1
scraper,1
screamer,1
screaming,1
screenshot,1
screenshots,1
screw,1
scrip,1
scrubbie,1
sd,1
seafood,1
sealhunting,1
searches,1
searchid,1
searchstring,1
seasoning,1
seasons,1
seat,1
seating,1
seats,1
seaworld,1
sebastian,1
seconded,1
secretary,1
sector,1
secured,1
seeber,1
seedless,1
seeds,1
seee,1
seein,1
sef,1
sega,1
selamat,1
selective,1
self-admiration,1
self-awareness,1
self-centered,1
selfish,1
seller,1
sells,1
semi,1
semi-finals,1
sends,1
senseless,1
sentient,1
sepp,1
serena,1
serenata,1
serge,1
sergei,1
serial,1
serotonin,1
server,1
servers,1
serving,1
ses,1
session,1
sessions,1
seth,1
setlist,1
sets,1
setting,1
settled,1
settlement,1
seventh,1
severely,1
sewak,1
sexism,1
sexually,1
sf,1
sgf,1
sh'3l,1
sha,1
shade,1
shag,1
shagging,1
shaggy,1
shake,1
shakey,1
shaking,1
shape,1
sharaxar,1
shark,1
sharp,1
shave,1
shaved,1
shaw,1
shawn,1
shawnmendes1,1
shawty,1
sheds,1
sheep,1
sheer,1
sheeran,1
shelf,1
shell,1
sherpa,1
sherryogasawara,1
sherwood,1
shhhh,1
shia,1
shine,1
shines,1
shining,1
shinji,1
ship,1
shipped,1
shippeos,1
shippers,1
shirts,1
shitfaced,1
shits,1
shitttt,1
shitty,1
shocked,1
shoe,1
shoes,1
shoot-out,1
shore,1
shortage,1
shorts,1
shoulders,1
show's,1
showdown,1
shreds,1
shreveport,1
shruti,1
shs,1
shumaya,1
shuts,1
si,1
si's,1
sibling,1
sideways,1
siebels,1
siento,1
sigam,1
sight,1
significantly,1
signing,1
silent,1
silicon,1
simone,1
simplicity,1
simply,1
singapore,1
singin,1
singles,1
sink,1
sinkholes,1
sins,1
sioux,1
sira,1
sissies,1
sissy,1
sisterwife,1
sites,1
sk-ii,1
skater,1
skill,1
skincare,1
skirts,1
sky,1
skye,1
skylifepromoja,1
skype,1
sl-#crew,1
sl-crew,1
slammed,1
slates,1
slaughter,1
slave,1
slay,1
slayed,1
slaying,1
slayyyyy,1
sleeper,1
slex,1
slice,1
slides,1
sloots,1
slow,1
slow-motion,1
slower,1
slowly,1
slr,1
slut,1
slyke,1
sm,1
smal,1
smaller,1
smart,1
smartleadership,1
smartphone,1
smartphones,1
smashburger,1
smashed,1
smashwords,1
smfin,1
smiles,1
smith,1
smithereens,1
smokes,1
smoother,1
smoothie,1
smyle,1
snail,1
snake,1
snap,1
snapchatted,1
snapchatting,1
snatch,1
snatched,1
snd,1
sneeze,1
snickers6248,1
snipin,1
sniping,1
snkrs,1
snugs,1
snx,1
sob,1
sobchek,1
socialburstja,1
socialist,1
socialize,1
society6,1
sociology,1
sockets,1
sofi,1
soldiers,1
solid,1
soliel,1
solomon,1
solos,1
solvents,1
somali,1
somalia,1
someday,1
somehow,1
sometime,1
somewhere,1
songz,1
sonic,1
soo,1
sooo,1
sooooo,1
sore,1
sorta,1
sorted,1
souls,1
soundtrack,1
soushi,1
southpaw,1
spa,1
space,1
spaceships,1
spacex,1
spacious,1
spaghetti,1
spain,1
spamming,1
span,1
spare,1
sparkling,1
speaker,1
specialist,1
specialized,1
specials,1
specialties,1
specifically,1
speckled,1
spectacle,1
spectrum,1
speech,1
speechless,1
speed,1
spelled,1
spermm,1
sperry,1
spewing,1
spice,1
spider,1
spiders,1
spill,1
spilled,1
spin-off,1
spinach,1
spiritual,1
spit,1
splash,1
spm,1
spnfamily,1
spoiled,1
spoke,1
spokesman,1
sponsored,1
spotlight,1
spots,1
spotting,1
sprained,1
spraying,1
spreading,1
spreads,1
sprouts,1
spy,1
square,1
squidgrips,1
squished,1
src,1
srsly,1
sspx,1
ssris,1
stabbed,1
staci,1
staffing,1
stages,1
stalking,1
stall,1
stalled,1
stamps,1
standards,1
stank,1
stanley,1
star-clear,1
stare,1
starting,1
startling,1
starve,1
statements,1
stateside,1
statutes,1
stays,1
std,1
steak,1
steamed,1
steel,1
steeze,1
stephanie,1
stephen's,1
stephenson,1
sterling,1
stevegoldbloom,1
stevenson,1
stewart,1
stick,1
sticky,1
stillls,1
stink,1
stocked,1
stomps,1
stone,1
stony,1
stood,1
stops,1
storms,1
storytelling,1
storyxxxxxxxxxx,1
strapped,1
strategic,1
strategy,1
straw,1
straw-like,1
strengthen,1
stressed,1
stressing,1
stretched,1
strictly,1
strikes,1
strings,1
stripes,1
strips,1
strokes,1
stroll,1
strongest,1
structures,1
stubby,1
studied,1
studies,1
stuffed,1
stugo,1
stumble,1
stump,1
stunning,1
stunts,1
sturgeon,1
stydia,1
sub,1
submissions,1
submit,1
subnet,1
substitute,1
subtle,1
successfully,1
sucks,1
sudden,1
sufferer,1
sugarscape,1
suggested,1
suggesting,1
sukira,1
sulkowicz,1
sullivan,1
sum,1
summercamp,1
summertime,1
summon,1
summoned,1
sumn,1
sunburns,1
sunderland,1
sunrise,1
sunscreen,1
superdry,1
supergirl,1
superintendent,1
supplies,1
supply,1
supporters,1
supports,1
suppress,1
surfers,1
surprises,1
surrounded,1
survey,1
suspect,1
suspense,1
suspicions,1
sussex,1
sutton,1
sw,1
swan,1
swansea,1
swap,1
swea,1
sweater,1
sweatpants,1
swedish,1
sweep,1
sweetest,1
swellow,1
swim,1
swimsuit,1
swinger,1
swinging,1
swinnnn,1
swipe,1
swirls,1
swiss,1
switch,1
sword,1
sycrcddjd,1
sylphoftime,1
sync,1
synopsis,1
syria,1
syrup,1
t'hablen,1
t-mobile,1
ta,1
tab,1
tablescape,1
tablets,1
tac,1
tackles,1
taco,1
taehyung,1
tagged,1
tail,1
tak,1
takeaways,1
takelessons,1
takeover,1
taliban,1
tall,1
tan,1
tanaka,1
tanang,1
tane,1
tangerine,1
tango,1
tap,1
tape,1
tapping,1
targets,1
tarzan,1
task,1
tattoo,1
tattooed,1
taxis,1
taxonomy,1
tba,1
tbf,1
teaching,1
team-high,1
teasing,1
tec,1
ted,1
teenage,1
teeth,1
tehran,1
tel,1
telemo,1
telephone,1
telltale,1
temper,1
temperature,1
templates,1
tempo,1
temporary,1
tenders,1
tennis,1
tequila,1
terekhova,1
terms,1
terrorist,1
terrorists,1
tessa,1
tests,1
texas,1
tf2,1
tglc,1
th3,1
tha,1
thai,1
thang,1
thankful,1
thankfully,1
thanking,1
thanx,1
that'd,1
thatre,1
theaters,1
theft,1
theories,1
therapist,1
therapy,1
therein,1
theres,1
thermal,1
thermometer,1
thewalkingdead,1
thierry,1
thine,1
thiney,1
thingy,1
thinks,1
third,1
thirst,1
thirty,1
thisnis,1
thnx,1
thousand,1
thr,1
threaten,1
threatened,1
threats,1
threesomes,1
thriller,1
throwing,1
thrusting,1
thug,1
thuggin,1
thumbs,1
thus,1
thyme,1
tick,1
tickease,1
tidehaven,1
ties,1
tim,1
timberleike,1
time-wasting,1
timed,1
timeline,1
tinashe,1
tinder,1
tiny,1
tiolucaswho,1
tip,1
tipton,1
tires,1
tis,1
tissue,1
tissues,1
titans,1
tkpe,1
tl,1
tmorrow,1
toast,1
todayy,1
todayyy,1
tokyo,1
toledo,1
tolerance,1
toluca,1
tom,1
tomb,1
tomlinson,1
tomorrows,1
tomorrowwwww,1
tomoz,1
ton,1
tongue,1
tongues,1
toniiiiiiiight,1
tons,1
tool,1
tools,1
toon,1
tornado,1
torontoaction,1
tory,1
tosses,1
total,1
toto,1
touching,1
touchy,1
tough,1
tournament-record,1
tourney,1
tove,1
townhouse,1
toxic,1
toyota,1
toys,1
tra,1
tracked,1
tracker,1
trades,1
trafalgar,1
trafficking,1
training,1
trance,1
trannnnnnnk,1
trans1110,1
transferred,1
transfers,1
transform,1
transformation,1
transformed,1
transgender,1
translators,1
trap,1
trappin,1
trashyy,1
travis-ci,1
tray,1
trays,1
treatment,1
treats,1
treball,1
treble,1
trending,1
trialists,1
trials,1
tribez,1
trick,1
tricks,1
tricky,1
trio,1
trish,1
trivia,1
trolling,1
trombone,1
trophy,1
tropical,1
trotro,1
troylersmellet,1
trusting,1
trusts,1
truths,1
tryin,1
trynna,1
ts,1
tsunami,1
tt,1
ttip,1
ttw,1
tu,1
tugged,1
tulane,1
tumanda,1
turbine,1
turkish,1
turner,1
turnout,1
turnt,1
turnup,1
turun,1
tutor,1
tutorial,1
tutorials,1
twain,1
twdfamily,1
twdpics__,1
tweak,1
tweens,1
tweeter,1
twenty,1
twerking,1
twins,1
twitterland,1
twitterworld,1
two-pronged,1
tx,1
txt,1
tyga,1
types,1
tyra,1
tyrion,1
tysm,1
tz,1
u're,1
u2,1
ubs,1
uch,1
uconn,1
ucxzxh,1
udf,1
ugggg,1
ugliest,1
uh,1
ui,1
uk's,1
ukip,1
ukraine,1
ukulele,1
ul,1
ulloa,1
ultra,1
um,1
umm,1
unarguable,1
unarmed,1
unbanned,1
unbelievable,1
unborn's,1
unbreakable,1
uncle,1
unclench,1
underrated,1
understatement,1
unexpected,1
unfamiliar,1
unfollowing,1
unfortunate,1
unfortunately,1
ungullible,1
uni,1
unicel,1
uniform,1
uniformed,1
universal,1
universe,1
university,1
unknowingly,1
unknown,1
unlikely,1
unlocked,1
unnecessarily,1
unnie,1
unofficial,1
unplanned,1
unprepared,1
unreleased,1
unrest,1
unscientific,1
unscramble,1
unsigned,1
unstoppable,1
unsung,1
unsure,1
unthinkable,1
unveiling,1
unverifies,1
up-to-date,1
updated,1
updates,1
updating,1
upgrade,1
upload,1
uploaded,1
upper,1
uppp,1
upsetting,1
upstairs,1
ursuline,1
usa-fl-crestview,1
usd,1
useful,1
user,1
uses,1
ussrname,1
usssa,1
uuuuuuuuu,1
uuuuuuuuuuuuuu,1
uwooooh,1
uyinja,1
v1,1
vacate,1
vacation,1
vader,1
valentinifrank,1
valid,1
valor,1
value,1
values,1
valve,1
vamp,1
vancouver,1
vandyboys,1
vanity's,1
vargas,1
variegated,1
varney,1
varsities,1
vbulletin,1
ve,1
veeder,1
vegan,1
vegetable,1
vegetables,1
vein,1
vendo,1
venture,1
verdade,1
versa,1
verse,1
vert,1
veterans,1
veysey,1
vi,1
vian,1
vibracheck,1
vic,1
vice,1
vicious,1
victims,1
victor,1
videogames,1
viene,1
vienna,1
viewer,1
views,1
viking,1
vikings,1
vile,1
village,1
vinyl's,1
violated,1
violence,1
violent,1
violentlips,1
violets,1
vip,1
vip's,1
virtual,1
virtuous,1
visionary,1
visited,1
visiting,1
visually,1
vita,1
vitality,1
vivid,1
vlaar,1
volcano,1
von,1
voters,1
votes,1
vra,1
vspace,1
vulnerable,1
vuxgency,1
vuxpemeli,1
wa,1
wack,1
wages,1
waited,1
waitt,1
waking,1
waldo,1
walkabout,1
walks,1
wallets,1
walter,1
wango,1
wann,1
wantu,1
wardrobe,1
warfare,1
warlock,1
warn,1
warns,1
warrington's,1
warriors,1
wasn,1
wasps,1
wasted,1
watches,1
waterford,1
watermelon,1
watlington,1
wats,1
watson,1
wattpad,1
waves,1
wax,1
waxed,1
waxing,1
wayne,1
wbu,1
wcw's,1
weakens,1
wealthiest,1
wealthy,1
weathercube,1
wedoyouronlineclass,1
weekday,1
weekends,1
weeknd,1
weeping,1
wehn,1
weinke,1
weiss,1
welcomberan,1
wen,1
wendy's,1
wenger,1
wer'e,1
westminster,1
weyerhaeuser,1
wha,1
whack,1
what're,1
whatd,1
whe,1
whedon,1
wheel,1
wheeler,1
wheels,1
where'd,1
wherever,1
whew,1
whhst,1
whip,1
whistle,1
whistling,1
white-h,1
whiten,1
whoever,1
whoo,1
whoooooop,1
whoops,1
whore,1
whos,1
whose,1
wi,1
wicket,1
widely,1
widgets,1
wiener,1
wig,1
wilk,1
williams,1
williamson,1
willian,1
willis,1
wind,1
wipes,1
wis,1
wisdom,1
wise,1
witchu,1
withdraws,1
wiz,1
wizard,1
woes,1
wok,1
wolf,1
wonderfully,1
woo,1
woody,1
woop,1
worked,1
workin,1
workout,1
workshop,1
worldwide,1
worrying,1
worship,1
worthwhile,1
would've,1
woulda,1
wouldve,1
wr,1
wrap,1
wraps,1
wreck,1
wrigley,1
wrinkling,1
writer,1
written,1
wrongs,1
ww,1
wwe,1
wyd,1
x-men,1
x105,1
x123,1
x129,1
x15,1
x17,1
x2,1
x20,1
x2263,1
x23,1
x28,1
x3135,1
x335,1
x4,1
x42,1
x43,1
x50,1
x503,1
x58,1
x61,1
x636,1
x656,1
x81,1
x9,1
x940,1
x956,1
xamarin,1
xavi's,1
xbone,1
xps,1
xsmall,1
xsport,1
xx,1
xx116,1
xxxx,1
xy,1
y7fthch,1
ya'll,1
ya5i,1
yah,1
yankees,1
yanni,1
yato,1
yaz,1
ybf,1
yea,1
yeaa,1
yeaaaah,1
yeaaah,1
yell,1
yells,1
yep,1
yess,1
yeww,1
yhu,1
yiddish,1
ykkonen,1
yoh,1
yoona,1
yosi,1
you'r,1
younger,1
youuuuuuuuuuuuu,1
yr,1
ysidro,1
yuki,1
yummy,1
yung,1
yup,1
yuzuru,1
z,1
z's,1
zac,1
zanahorias,1
zbumus,1
zealand,1
zendaya,1
zeppelin,1
ziggy9480,1
zm,1
znd,1
zo,1
zoebrey,1
zombie,1
zombie-kids,1
zone,1
zzz,1
zzzzzzz,1
